review_id,member_id,book_id,Percentage_Comp,review_rating
3,002326C3-A6BA-498D-B4F8-8D1FAACFB4EB,130600465,12,4
4,002326C3-A6BA-498D-B4F8-8D1FAACFB4EB,141008163,53,4
6,0033E5E1-A950-4253-B154-2A058A49B638,170201216,3,5
7,005683BD-5677-4A5D-9D9F-EC0F75DFBC9A,170201831,1,5
8,00676026-9C48-4198-B3F1-303EC7622565,160901022,47,5
9,00676026-9C48-4198-B3F1-303EC7622565,161205146,2,5
11,00806AD8-3ABA-4486-88F3-14309C11884D,140114286,98,4
12,00921522-6235-4BCD-8C19-6DD6D6A8152D,140306385,98,5
13,00921522-6235-4BCD-8C19-6DD6D6A8152D,140306386,90,5
14,00921522-6235-4BCD-8C19-6DD6D6A8152D,140503729,90,5
17,00B385AD-7347-4AD3-8D48-B72C88AE72C3,160403043,97,5
18,00C787F1-D966-45A3-9958-C7C55B270359,140600122,1,4
19,00C787F1-D966-45A3-9958-C7C55B270359,170108973,1,5
20,00C787F1-D966-45A3-9958-C7C55B270359,170201216,1,5
21,00C787F1-D966-45A3-9958-C7C55B270359,170201708,52,5
22,00ECB55C-41D9-465B-A382-DB1BCD22870D,141004955,72,5
23,00ECB55C-41D9-465B-A382-DB1BCD22870D,170201216,99,5
25,01161C06-8DD1-4F9E-AE6B-8769411FCF66,130501947,0,4
27,0152C771-A931-49D3-AD29-74588CCF4B67,140801322,96,3
28,0152C771-A931-49D3-AD29-74588CCF4B67,170201543,94,5
29,0152C771-A931-49D3-AD29-74588CCF4B67,170201544,94,5
30,0152C771-A931-49D3-AD29-74588CCF4B67,170201853,99,3
31,018788DB-0171-4BF3-8C01-348FBF777660,141102284,69,1
32,018788DB-0171-4BF3-8C01-348FBF777660,141102285,60,1
34,019EF812-5FE9-4C1E-9EE1-1F672B4BCC6C,160303792,0,5
35,01A0B650-5973-4B25-B59D-6DCC9AE982F9,141000649,25,5
36,01E3CD54-ECD8-44F2-8515-2A61B2DF61A1,161205030,73,5
37,01FB7B39-A44A-4CFA-BAC1-282825A07CB9,150802637,63,3
38,01FB7B39-A44A-4CFA-BAC1-282825A07CB9,170201831,1,5
40,0247B729-8D94-42C1-BB2E-5B3DBC248C4C,160305275,0,5
41,0247B729-8D94-42C1-BB2E-5B3DBC248C4C,160813334,53,1
46,028773F7-4CB3-42CB-93B5-B7CA4C2D9C8C,131100762,99,5
48,02C57E7C-02B3-4DF0-9B49-FD178F4A348D,140114150,80,4
49,02C57E7C-02B3-4DF0-9B49-FD178F4A348D,140114151,99,4
56,02E46CB2-C802-45F6-8625-4E1703DD13E9,170201127,55,5
57,02EBAFE4-33BD-4312-9586-E71B43BDC4B4,160815067,5,5
63,037F7C1A-AFAD-4D2B-A098-4DCE8036FEBB,150102782,99,4
67,03E83E7A-93B9-479F-A167-3DA9FC344FB6,160213640,2,5
68,042E858F-C808-4D55-83DB-3BB58E7BC72D,120900123,41,4
69,042E858F-C808-4D55-83DB-3BB58E7BC72D,160306353,1,5
71,04337AA0-16F7-4F15-9FBE-E01A2AD181A2,110400240,13,5
72,044FFB57-CEEB-4333-85C0-8C94DBB09D29,160602663,73,3
73,04505F94-D7BE-4A6A-B913-F26F288F5B4C,160703142,9,5
74,04505F94-D7BE-4A6A-B913-F26F288F5B4C,160903356,63,5
75,04558701-3637-4F22-BA89-4088AA306DEF,170201690,81,5
80,049B5681-3B79-4BA9-B78E-C8786553BD50,160303792,0,5
82,053EB18E-B255-4BF0-A119-45F64540F60F,170201534,1,3
83,053EB18E-B255-4BF0-A119-45F64540F60F,170201690,7,5
84,05654119-1C07-463C-B8AF-00B6D0323D8B,110400240,19,4
87,058F6F42-6A18-425E-B0AE-A4542EC4D097,170201203,93,5
88,05A851CF-2019-472E-B5BA-26BC30185213,160601782,42,4
89,05A851CF-2019-472E-B5BA-26BC30185213,160815058,92,3
90,05A851CF-2019-472E-B5BA-26BC30185213,170200631,60,5
91,05A851CF-2019-472E-B5BA-26BC30185213,170202077,81,5
94,05BBDA01-D422-4ECA-8999-0959FA335966,170201831,97,4
97,05F4B3A8-2C8F-491F-8AE6-077840752583,160604067,32,5
100,0643F35D-E3D6-4E47-80AD-E003C7B90286,160305086,99,4
101,0643F35D-E3D6-4E47-80AD-E003C7B90286,170105888,11,3
108,06765C5E-A440-4D46-B4D9-4AC638AAD478,160904049,2,5
109,06765C5E-A440-4D46-B4D9-4AC638AAD478,170201694,97,5
114,069DAE51-7A15-4B81-ADB3-933F6244A385,170201544,56,5
115,06A63E88-4AE5-41B0-9565-1E85219696A2,150503053,1,2
116,06B72478-3E47-48AD-AD33-03C636F3AD69,170108225,39,2
119,06D67BDF-510F-4157-836F-E3AAFA633EDE,160303792,0,5
120,06E24B21-AAF4-405F-80E1-0C307C01E19E,160703350,99,5
121,06FBE192-2CD7-4CF6-95E0-7393C333058A,170201694,0,4
123,0713D92C-9696-46AF-B0D8-2417789C064C,120300090,54,4
124,07716ECE-F60B-476A-A938-30181CE51E1D,120800178,94,4
125,07716ECE-F60B-476A-A938-30181CE51E1D,141101004,93,4
126,07716ECE-F60B-476A-A938-30181CE51E1D,150601763,88,5
127,07716ECE-F60B-476A-A938-30181CE51E1D,150901380,88,5
129,079E07AB-D6A5-4EAD-B003-9777808FB3C9,160812646,1,5
135,07B394E3-47F6-4FF8-A0A9-095C1BDFA836,161202753,22,5
136,07BDD518-66C7-487C-90A4-909327CE5AD3,151102323,99,5
137,07D3D8D1-40BE-4D5A-990B-7250957E4AAD,170200626,25,2
138,07DAFD85-FFAD-4D3F-94D7-D0C33C5A5DFB,161200548,91,4
139,0814A2BC-5B77-4B9B-8320-C52149C630B7,140400691,47,4
140,086CDDDE-433F-4C3F-A79D-02965718BDC7,160812646,1,5
141,086CDDDE-433F-4C3F-A79D-02965718BDC7,170201694,0,4
146,08798D10-22BE-426B-B901-0E731CE8D91C,120701501,69,5
147,08798D10-22BE-426B-B901-0E731CE8D91C,170201831,96,5
148,08949AB6-4E50-4E76-B8C6-1C740DE85236,170201831,10,5
150,08AA15E8-3AE9-4956-883D-97D93528DE02,170201831,0,5
152,095163E4-EF77-49F1-84CD-F872580D8F4C,140705770,99,5
153,095163E4-EF77-49F1-84CD-F872580D8F4C,140705772,69,4
155,097C4315-12D7-4EF7-9139-681AE6E3B20F,170201831,0,5
157,09A56141-7D86-41A5-AAB0-386DD0F4B5FD,130400525,85,4
160,09AC655F-767E-456A-90BB-99BCE12880C1,160603891,0,1
161,09AC655F-767E-456A-90BB-99BCE12880C1,170107147,0,5
162,09AC655F-767E-456A-90BB-99BCE12880C1,170201694,0,5
164,09D42CF8-D693-497F-96F9-CA53A0B3DA2C,170201696,86,5
165,09EDC197-5B76-437A-889C-2336146E0BE6,160303789,1,5
166,0A38ECD5-4115-4963-BCC5-7902892A328C,170201125,20,5
167,0A4C0E2D-DCFB-47D3-B133-79C4FAD43D59,160303792,1,5
168,0A4C0E2D-DCFB-47D3-B133-79C4FAD43D59,170108298,1,5
169,0A4C0E2D-DCFB-47D3-B133-79C4FAD43D59,170201831,0,5
170,0A8B6BAB-A47A-4CB8-8BCC-57B4751EDA13,170201694,9,5
178,0ABA6E99-3AC0-487B-A6C8-CCB2B526A827,140306385,41,5
182,0B058915-1CCA-4BD9-9F49-F6FF97B5304F,131100762,38,5
183,0B5A8AB5-1052-4A8C-B7B9-3954FCD4583F,160303792,4,4
189,0BD3C189-A6E6-4D77-B993-4B0AD977F8AA,170201127,0,5
190,0BD3C189-A6E6-4D77-B993-4B0AD977F8AA,170201694,5,5
192,0BE58347-0B21-4A72-BDDF-A5979D20F64A,140800408,4,4
201,0C6A5CC8-6EEC-4418-8478-F37492CBADC8,170201694,0,5
204,0CB62014-F38E-43C7-BF09-7473BBD98833,160303792,0,1
205,0CB62014-F38E-43C7-BF09-7473BBD98833,170201831,1,4
206,0CD3CFBA-37C7-49E5-AB73-B8288467C683,150604232,77,5
208,0D0661F8-DFD9-45F2-9004-6898F3DB173A,170201694,6,5
212,0D0F5F20-CE3B-4698-B829-EF61021CA67B,170108230,55,5
213,0D262C32-BFF9-4E28-B8BB-C094A3E1A09F,151209730,51,5
214,0D2CC2AD-A45F-4146-8F35-A132009E08AC,130701327,1,4
215,0D2CC2AD-A45F-4146-8F35-A132009E08AC,160903860,1,5
218,0D9FDE8D-53F6-4606-9537-CAB68A91DC74,161108495,50,5
221,0DA26E9E-75FE-40D6-A516-CBA72453188B,110100050,98,4
233,0E0F7BF8-3599-4EED-8915-DE3FA72CDB21,151001780,76,4
238,0E0F7BF8-3599-4EED-8915-DE3FA72CDB21,161002777,17,5
241,0E3B9E0B-5CD4-4716-84A2-FDD3A30F732F,160102265,58,5
242,0E3B9E0B-5CD4-4716-84A2-FDD3A30F732F,170200448,99,4
249,0E8547EE-0128-4809-A377-8609C3398B37,160812646,22,5
250,0E8547EE-0128-4809-A377-8609C3398B37,170201193,1,5
251,0E8722A2-3B3A-4C21-9867-977098D10AA4,161203371,43,5
254,0EE7D6FB-8D8E-4C69-A365-186D39566DAB,140904326,95,4
260,0F227397-D8DF-40F5-8C1F-CDBF02CB8242,161108491,99,5
262,0F2B6A48-AC29-4990-9BBB-C0FBD1C16FAA,150403677,18,5
270,1054E857-0B4F-4072-883C-534AFDE6F792,160812646,28,5
271,1054E857-0B4F-4072-883C-534AFDE6F792,170201127,0,5
274,10C14769-375D-41D7-9ED0-5A0647A10E0C,150200580,47,3
276,10D5381B-46C1-43E0-8CF2-872B8EF82F95,161205033,96,5
277,10F270CD-DD8D-4EB3-94CA-EEA574B3CDB1,140503128,1,5
278,10F270CD-DD8D-4EB3-94CA-EEA574B3CDB1,170201831,2,5
281,112229E2-F0CE-4654-A35E-B4BD03962BDB,170108221,4,5
282,112229E2-F0CE-4654-A35E-B4BD03962BDB,170201563,98,2
283,112229E2-F0CE-4654-A35E-B4BD03962BDB,170201645,58,1
284,114302F3-DDBE-4D06-B2BF-B020D0A6FDA0,120200371,88,4
285,11696187-D1D3-4A35-B2F2-F1F9012482C0,160303792,1,4
287,11696187-D1D3-4A35-B2F2-F1F9012482C0,170201593,20,3
288,118150B1-A008-48F2-A6CB-1420905CB05F,160700206,2,5
291,118150B1-A008-48F2-A6CB-1420905CB05F,161104335,92,5
301,119A83B2-8268-43B8-8460-51EA041AFC2F,161108491,71,5
302,11C0A969-1D9D-4A91-BF85-FA64343F16AB,170201203,99,5
303,11C35BDD-19CF-4931-98FC-503CCEBC2795,161108516,0,5
304,11C35BDD-19CF-4931-98FC-503CCEBC2795,170201831,1,5
310,126148B3-55D3-41DE-A205-40D98E2B0AC4,170200626,3,5
311,1264C2E9-7F6B-462D-90C1-AC14C5E019D2,160303792,0,5
312,1264C2E9-7F6B-462D-90C1-AC14C5E019D2,170201216,98,5
313,128953A1-98AB-49E7-828E-AD7BC639DBF9,160303792,1,5
314,128DD50F-D107-4034-9D57-A5FA4B751BB5,170201831,1,4
315,129A9331-A9E0-44AF-9CD0-AE1B50FF1667,160702264,1,5
317,129A9331-A9E0-44AF-9CD0-AE1B50FF1667,160702270,8,5
319,129A9331-A9E0-44AF-9CD0-AE1B50FF1667,161101436,0,4
321,129A9331-A9E0-44AF-9CD0-AE1B50FF1667,161101438,6,5
324,12C167F9-939B-429E-8C1D-13FEBE11126A,170201216,98,5
326,12CA662D-002B-43FF-B7A5-C4FB67B27B34,151103366,98,5
327,12CA662D-002B-43FF-B7A5-C4FB67B27B34,170201831,1,5
328,12CBCF6A-4C7A-410F-9782-8AD7067C0680,170201216,98,5
329,12CBCF6A-4C7A-410F-9782-8AD7067C0680,170201831,1,5
330,12D696BB-CA42-4664-B3F7-521A45A8A81E,141100585,96,4
331,12D696BB-CA42-4664-B3F7-521A45A8A81E,141100586,96,4
332,12D696BB-CA42-4664-B3F7-521A45A8A81E,141100587,97,4
333,12D696BB-CA42-4664-B3F7-521A45A8A81E,160306593,35,3
337,132CA0A8-3D4A-4611-B616-96B5E8C098D6,170201563,54,1
338,132CA0A8-3D4A-4611-B616-96B5E8C098D6,170201637,39,5
341,13AC68EB-B040-45AB-9D43-384CF1DEF6F7,131003158,1,4
342,13AC68EB-B040-45AB-9D43-384CF1DEF6F7,170201531,0,1
345,13F7F098-639E-442A-AB1B-57F1DBD16EC5,111000241,96,5
347,1413AAF6-FC2F-4CF7-B7FF-0E6790EAB7E1,140306386,1,5
348,1413AAF6-FC2F-4CF7-B7FF-0E6790EAB7E1,170201127,0,5
350,14533BA3-07A4-456D-A0F3-85B53F1DF5AC,170108417,2,5
353,1477255C-6478-4C51-9909-B9EFEA35CA1B,170201203,99,5
357,147FB395-37CF-4667-8FC4-C8B1E740C209,140114150,53,4
365,15CC6AA1-3359-4D80-B821-34BEB5C96D95,160117412,96,4
366,15CC6AA1-3359-4D80-B821-34BEB5C96D95,160117413,9,5
367,15CC6AA1-3359-4D80-B821-34BEB5C96D95,170201916,39,5
368,15E6A39F-DFCB-496A-81F7-560CA4BCC9B2,160303792,76,5
372,1600506B-3477-4918-9F58-6D41E10D179A,170109419,64,5
373,1600506B-3477-4918-9F58-6D41E10D179A,170200626,33,4
377,16367E0A-0F8F-4C66-B469-469B2EFA9AF5,161200194,0,5
378,168F15D6-4504-47AC-8B79-DF731F73E2B2,160812356,4,5
383,16CE37F0-2562-491D-8960-A5D960915EF5,170201831,97,5
384,16FE2FBB-CCD5-43AD-B4E4-7DB3B19ADDDC,170104890,0,4
385,16FE2FBB-CCD5-43AD-B4E4-7DB3B19ADDDC,170201127,20,2
390,1737003F-32C1-44D5-A3B4-F5331D03981B,170201542,57,5
391,1737003F-32C1-44D5-A3B4-F5331D03981B,170201543,97,4
392,1737003F-32C1-44D5-A3B4-F5331D03981B,170201544,68,5
393,1737003F-32C1-44D5-A3B4-F5331D03981B,170201831,1,5
394,1755E889-417B-4DF4-9B81-53612947CEA5,170200625,19,5
398,179AE37E-32F4-44C8-A955-1BD4A0C0E06B,170201916,20,4
404,1883E502-7A51-4B0B-9D25-1775C172F4E5,140702755,10,4
405,188579C6-389A-4F36-9098-DD683ED19DC0,140306539,28,4
406,188579C6-389A-4F36-9098-DD683ED19DC0,140400878,8,4
408,189C3245-698D-4941-87B7-CD553A96CB65,170201831,55,5
409,18CD3A6F-E808-41C7-A8F5-B076F18D96B2,161203371,5,5
411,18DA5428-169E-4719-BEC9-89097F806B73,170200635,99,5
414,18EB88AB-075F-4798-A256-C43C26059A11,170201543,1,5
415,18EB88AB-075F-4798-A256-C43C26059A11,170201544,0,5
416,18EB88AB-075F-4798-A256-C43C26059A11,170201831,16,5
417,19397DC1-EEAB-4A3C-8ACA-E7EE1F2E2BC3,130401957,2,4
422,195FF1F1-2ECC-4D61-802D-AB08BDBBDCB1,151201446,1,5
431,19FFAC5C-01AF-4216-A3B2-B1D41D0C3CDD,160303792,76,3
435,1A990C24-9741-4995-91F2-1F94F319BD87,170201831,97,5
438,1AC0282F-6929-44C6-9A56-E34C84020ACE,161200548,1,5
444,1AEC0BFB-EE76-4093-BC1D-82421F715C2F,170105681,1,3
449,1B14F0BA-C096-49AC-9055-8D27EE4FD48E,160303792,0,5
453,1B8A8EA8-4D59-454B-BCBB-069E4A92A808,160602274,41,5
457,1BBE7386-E286-4001-BB53-A8E8CAC70213,120302053,71,4
463,1C2B0D2C-0710-48EB-A31D-EDECDDA494D6,150802433,1,5
466,1C2B0D2C-0710-48EB-A31D-EDECDDA494D6,170201216,1,5
467,1C5EC5A2-9F82-4C4C-987D-8FE1B9FD1EFF,160303792,0,4
468,1C5EC5A2-9F82-4C4C-987D-8FE1B9FD1EFF,170201831,0,5
469,1C8CC362-5DB0-433E-9A6E-F31284937B32,150804254,0,5
472,1C9F4A9C-A183-4C02-B82D-6C78F0CBACE1,170201831,92,5
474,1CA666A9-BC66-4579-A73A-15813AB2DC7A,170201831,88,5
475,1CB39B66-D12F-4D35-996E-AC0C550EEB15,170107357,61,2
476,1CCA0A2B-DD72-45FA-AAC9-D20FA7F1840B,170201203,99,5
501,1CEEEEBB-551F-47CD-81A5-A8365D21A11E,170201203,99,5
502,1D21DD0C-0B50-45E6-A2AC-B610C9436F0C,170201543,2,3
504,1D76E57F-0F6F-477C-A48B-BE9F2E3A3E6D,130801241,15,4
508,1DEB5F7C-95AA-4C15-AD45-F1490D8560D6,120400543,92,1
512,1EBD7B00-B105-4696-9FFB-D5A9389BA3B5,170201525,1,4
513,1EBD7B00-B105-4696-9FFB-D5A9389BA3B5,170201881,17,4
514,1EF8C4FA-1387-49AE-9A3C-0378126CE331,170201916,32,4
516,1F5C2DF7-8999-4E99-8392-D0BC34065E3A,170201203,99,5
520,1FCF6803-F6C9-4B8E-B849-D982F149821D,161103078,90,5
525,2044E31F-164F-44D4-97E8-712556D308F9,150904461,85,5
527,2044E31F-164F-44D4-97E8-712556D308F9,170108973,19,5
531,20675FD6-BACD-4D8A-BC7B-0A59FE594B9E,160117646,45,4
533,20B2BE92-8F70-49E6-8250-05D2889DF359,140702759,61,4
534,20B48022-77B6-4610-9C75-F161DD8B39ED,140114151,21,4
535,20B48022-77B6-4610-9C75-F161DD8B39ED,140114152,73,4
539,210B2033-D83F-4ED3-ADF1-D7319167F863,160604186,0,5
540,210F15A5-FFF2-49B6-9348-D3408256CEF7,161208160,43,5
541,2150D365-DDA9-4449-97B0-B17CB7AF68FA,160604186,83,5
542,2150D365-DDA9-4449-97B0-B17CB7AF68FA,170200740,66,5
543,2150D365-DDA9-4449-97B0-B17CB7AF68FA,170200741,88,2
544,21766017-1504-4E96-9781-80F20836A590,160303792,1,5
556,223D777E-0796-4E4D-80D2-3F4DEA43F7F1,170108262,0,5
560,22616308-0863-48B7-9CBD-82EBB4043179,151202846,97,1
561,22616308-0863-48B7-9CBD-82EBB4043179,161202823,74,5
562,22616308-0863-48B7-9CBD-82EBB4043179,170109019,1,1
566,2286D064-6599-4E45-9D83-CEF3E6B4E8D5,170106362,1,5
567,229F398D-D247-4167-9501-17588D5EF2AC,160300711,76,5
571,22EEFA6E-B3D5-4929-ABB7-7C9EB4241ED8,150202137,77,5
573,2324859C-CA74-4290-A67F-AA45469855ED,121001749,99,4
574,2362A7C5-6DD1-490E-8E31-AE7E41531D8D,161205078,50,5
575,2362A7C5-6DD1-490E-8E31-AE7E41531D8D,170200631,24,5
576,23675F3D-AFF2-4404-8634-24BD9011C191,150800001,82,5
577,23675F3D-AFF2-4404-8634-24BD9011C191,160306401,90,5
584,23DDA34D-303A-4156-83E3-D936365B4641,170201594,87,5
585,2434FC21-40B9-462B-AC09-D9E4F2E84677,160303792,96,5
587,2454319C-530C-4E4E-8792-A655EFF94D93,131101127,98,4
588,24BEE8DD-2456-4839-AF53-9B6EB938E75A,140500997,10,4
589,24BEE8DD-2456-4839-AF53-9B6EB938E75A,140500998,2,4
595,251268C9-C5C1-4A7E-9BA4-E0E823333974,170108224,0,1
597,251268C9-C5C1-4A7E-9BA4-E0E823333974,170108226,19,1
600,25399170-C94C-4AF7-B6DF-41955718DD55,170201127,20,5
603,2557DFF2-08CA-4D20-BBB9-1B4B2CE00EB1,160604186,33,5
604,2557DFF2-08CA-4D20-BBB9-1B4B2CE00EB1,170201831,1,4
611,25C4B3D7-4F24-4D17-BD38-92EF69B75F64,170201696,99,3
613,262D6A1F-8611-437E-AF91-BD5FF9AF9F2F,170108222,99,5
614,262D6A1F-8611-437E-AF91-BD5FF9AF9F2F,170108225,99,2
617,263B8E3F-787F-4BD0-B610-47A30E3B7573,140901561,71,4
618,263DF26D-9C99-4CD7-B738-0A852DA4186A,140803450,97,4
619,263DF26D-9C99-4CD7-B738-0A852DA4186A,140803451,93,4
621,267492DB-1586-4A90-8C6A-671B2076430F,150501006,71,5
622,267492DB-1586-4A90-8C6A-671B2076430F,170201539,82,4
623,268497A3-B845-4D9F-9BA7-48C7C7D0E0B7,160303792,0,4
626,2748E624-087D-4810-9ED3-C5EC46AC7AE0,170201127,53,5
630,27954024-0FFF-4BA5-B65A-163377BC3897,170200676,70,5
634,27D90F14-2BAC-418B-B6A2-0B424B051BB6,160812646,98,5
637,28262A62-6093-4904-A4CE-7A87905A16BA,120800144,1,4
638,28262A62-6093-4904-A4CE-7A87905A16BA,120800178,1,5
639,28262A62-6093-4904-A4CE-7A87905A16BA,161108516,0,5
643,285B4914-1AAF-40A6-BCF6-2F045CEC06A8,170201692,0,1
646,28C8AC07-6838-4B3A-A6F2-EAB8D92E4BE4,121001639,86,5
648,28ECDE5C-DB7A-4809-A107-707F448BAACE,170200167,0,5
650,29530817-6CE8-4B5F-ADFC-7D69A33CA9A9,120400545,70,4
651,299BCDC2-E13E-459E-8877-2956581BA85E,161205078,51,3
653,299F8E01-3D76-4BCA-A3D6-60536E5452B2,170201216,99,5
655,29BAC5F3-BA1B-4604-919A-E3E31EBD1FA7,140900506,98,4
659,29D3B93E-F522-49FA-903A-7FC4D0BF6BE6,170200676,17,5
664,2A1D05D1-B88F-4B4E-B1AD-A80167E9DB94,160604186,0,5
666,2A1D05D1-B88F-4B4E-B1AD-A80167E9DB94,170200741,99,3
673,2B05F06F-4746-4903-AB82-091AE797BE72,170105888,37,4
674,2B05F06F-4746-4903-AB82-091AE797BE72,170201831,97,5
675,2B23EAA3-74F7-4D46-A21B-B787F33F237A,160303792,91,3
684,2C2F3D49-8DED-4731-9D65-ADA73B70285D,170201127,64,5
686,2C68ABED-F261-4A18-85BA-4EE18C7C0D69,141004973,4,5
688,2C68ABED-F261-4A18-85BA-4EE18C7C0D69,161104159,52,5
692,2C8AB8DE-8380-4AA7-A004-CF675C0DFDD8,150101998,99,3
694,2CC02BDD-5F5A-4FF7-97CB-73C940B1BF57,160307393,98,4
696,2CE814B0-155C-477C-B473-A0CAE33E406B,160702941,99,5
699,2CF1735F-53E9-4090-8046-90A5DBC32926,170200740,13,5
700,2CF1735F-53E9-4090-8046-90A5DBC32926,170201127,89,5
701,2CF1735F-53E9-4090-8046-90A5DBC32926,170201196,68,5
702,2CF6B624-D9B6-4292-AB64-9EFDE58F0733,120302341,39,4
709,2D736596-B21D-45FE-90DF-79A8BEC9EF1B,161208318,0,5
710,2D75CF16-00C8-426D-8677-CA5A4294C816,151102325,90,5
715,2DD7BC38-54E9-4226-BFE4-C1017AD7F415,170201694,94,4
717,2E1C9D6F-0A18-4A1A-9DBB-F8BE6B5CEA6E,150902196,56,5
721,2E754B72-5A36-4A3C-92C0-B1C3690B907A,161205033,0,5
724,2E99F704-BAF5-4A3E-88DF-F3786E1F1B96,160902510,1,5
725,2EA9CC4D-6416-4922-A3C5-96D9A34CDC7A,150600598,98,5
727,2EA9CC4D-6416-4922-A3C5-96D9A34CDC7A,160813144,5,5
728,2EA9CC4D-6416-4922-A3C5-96D9A34CDC7A,161104159,3,5
729,2EB2EAED-2BFE-4459-96BA-CF9CC431F414,170201831,97,4
734,2EEC0399-7012-4D17-8044-B8BC40A7C00F,170202157,0,5
737,2EF74EA4-C006-4B85-8BDE-1CE06587A9D9,140901559,1,4
739,2F5537AF-FD41-4089-8D8B-02A9C1964DFC,170201127,23,3
742,2FB5C148-7792-4C85-B64C-73E2FEBFF614,160401972,98,5
743,2FE4B780-69F5-4367-B4E9-14418F7E693F,140114156,14,1
751,30402C69-0235-45F3-8B13-5B5BC66A9DA0,170201831,85,5
753,304FA816-C9D9-497D-A9BE-22F080ACC312,140114156,39,1
754,304FA816-C9D9-497D-A9BE-22F080ACC312,140114157,99,1
755,304FA816-C9D9-497D-A9BE-22F080ACC312,170108501,98,5
756,30872745-56A2-403E-9F9B-ADA80A67A076,120802072,99,1
758,308C881E-D927-4352-BDD3-9ED313EB61F0,170201877,40,5
759,308C881E-D927-4352-BDD3-9ED313EB61F0,170201916,1,4
760,30C6C37E-870C-4B93-B2A2-0FC1BE0A03D5,170109406,99,5
764,319B3D66-EE0B-451E-8C4E-1ABE01138686,170108230,89,5
771,3201DA44-CD9E-45B9-9B58-16BAC2C9F4FE,170108227,89,5
772,32327E61-AAE9-4CC6-A64A-2DE1A84CE3FB,170201203,99,5
773,3259EB39-A8AD-48CB-8BD7-AEB724E89414,140601873,99,4
777,32F25F59-2EB9-4736-BFA5-C1F5589145FF,170201563,50,1
778,32FCE362-4131-407E-ADFB-DCEFAF47D6E8,120400295,0,4
779,32FCE362-4131-407E-ADFB-DCEFAF47D6E8,161203379,1,5
782,33355AFA-0209-4079-B395-BFAD615E9397,120902147,33,4
783,33355AFA-0209-4079-B395-BFAD615E9397,161002641,18,5
787,33ADFBAC-604B-40B8-9DAF-FA550C4742B8,170200631,22,5
791,33DF5A37-A3BC-4752-9B15-E84B4E23BCF1,160303792,1,5
792,3426F670-9742-4913-9EE2-CFDD58C8DCA3,170201694,44,4
793,3467C2A7-058F-474F-B696-8AF6CFBBA0B8,161104159,45,5
796,347A4135-7251-442F-A28A-62153E20864B,160305044,3,5
797,347A4135-7251-442F-A28A-62153E20864B,160501369,0,5
802,348F61D6-57C3-4F59-91BE-08646234CED1,170201831,0,4
803,349A0AF4-547A-43B2-9A78-3E6E7D1AC6CB,160812486,1,5
805,34A1472F-15D2-4139-9506-130FC784DBD3,170201831,85,5
809,34B8EA10-8051-4606-816F-E1ABE951D088,161108490,0,5
816,35203C56-16A2-4286-93CD-1EC2BB519A16,160117641,86,5
819,358DD194-96C5-44C0-BABD-29A6AB088F3B,170109199,77,5
820,35A7D162-8F0C-4AFE-B8D3-667BE5E9FD68,120702643,1,5
821,35A7D162-8F0C-4AFE-B8D3-667BE5E9FD68,161104159,1,5
822,35A7D162-8F0C-4AFE-B8D3-667BE5E9FD68,170108266,5,5
823,35ACD1FD-6022-4E08-8173-FE8646DC5351,160303792,22,5
824,35D57C2A-4EE1-4C2B-8138-AC77C59AB7FE,120900688,54,4
832,3653CC48-8042-4998-B4DD-94F1CA210FD1,161003689,0,2
836,365A3C1B-E64E-43FF-959D-591EB87C4D03,161205033,4,5
837,36677AF7-114C-41BF-8B10-7C05E47B32F3,110400239,40,4
840,3679E638-741A-4735-9EDF-6D790B66666C,160303792,60,5
841,36C4B2C9-A5A9-49AA-A74D-E74E8FF0DDFD,170200626,57,5
844,36F47F2B-DAB6-4004-B402-E694ECD0A708,161205033,13,5
846,3740D592-7391-44E1-BF0C-758CA62AE322,170201525,99,5
850,374B2BCB-4DE1-4B35-B2FB-F8495B9741B5,170108223,90,5
851,37775FF8-000C-48BC-9DDA-B71CD04A3BF0,170201599,67,5
852,37775FF8-000C-48BC-9DDA-B71CD04A3BF0,170201831,98,4
853,3787C37E-2EB0-4990-BD59-6009C56F95C4,170108222,94,5
854,37A3CD87-EAD5-4705-B844-AA0DECFDCDD3,170201831,99,5
855,37AE626F-F9A1-4DF4-B0FA-431510ED8C46,131100762,41,5
856,37C25F50-2363-4F30-A9BC-21CA846D600A,140114156,41,1
860,384E859E-4D08-4CBC-B180-1F643E4D3A74,160814679,58,5
862,386DD888-8F3D-4640-937D-F69B57C54C4A,150303126,1,5
864,390258D4-1F30-4D0F-A742-C9EA3819C133,170201853,33,3
866,391930F7-34AA-4E18-A56E-4CB4B79B7020,170108849,83,4
867,39551B73-0EAC-4532-84BA-66E6EA8B4F4B,170201694,90,4
868,39A44FE5-3FB9-405D-AA26-0A5FD1AC4A2C,170201694,0,4
872,39E7B879-B7C6-481A-9635-2E3FAD322ACC,170200631,87,5
876,3A1FEC3D-AEDE-48AB-B476-25A88CA63BC6,161205078,8,5
877,3A1FEC3D-AEDE-48AB-B476-25A88CA63BC6,170201203,99,4
878,3A1FEC3D-AEDE-48AB-B476-25A88CA63BC6,170201831,99,5
879,3A463AE5-7B99-4A4A-9845-F4BB877F6C2C,160815067,1,5
880,3A463AE5-7B99-4A4A-9845-F4BB877F6C2C,170201127,0,5
881,3A6969D9-8E90-4ED6-99B3-57E29CC9EC95,150502290,99,5
882,3A6969D9-8E90-4ED6-99B3-57E29CC9EC95,161203379,0,5
888,3AE096DA-F759-4726-AE4B-8A0267D9D7A0,110600434,3,4
889,3B288847-1B10-4917-8A9C-1CC0C6E28B6C,170200489,21,3
891,3B553CCB-5F7B-4D77-836B-8240598BA9D8,140600122,54,5
900,3C654E5E-7C0B-476D-A871-7D9F3C2BE6E1,160300420,16,5
901,3C654E5E-7C0B-476D-A871-7D9F3C2BE6E1,160306334,97,3
902,3C654E5E-7C0B-476D-A871-7D9F3C2BE6E1,160903240,0,5
903,3C654E5E-7C0B-476D-A871-7D9F3C2BE6E1,161002121,99,4
904,3C7E0C43-9C73-4875-B54C-931210972F7D,150804220,1,5
905,3C7E0C43-9C73-4875-B54C-931210972F7D,161207581,1,5
906,3C7E0C43-9C73-4875-B54C-931210972F7D,170100413,2,5
910,3C91D976-8D53-4E6B-8350-65498584A7DA,160812639,16,5
911,3CDA2805-7202-4089-B46C-274A1B4DE7B5,160303789,93,4
912,3CDA2805-7202-4089-B46C-274A1B4DE7B5,160303792,22,5
913,3CDA2805-7202-4089-B46C-274A1B4DE7B5,170201831,55,5
914,3CDE169D-3075-46FE-910A-FEE7A4A8BC0E,141004975,84,5
917,3D26F0CB-91A3-451A-A0AA-C0928B5833F9,160800996,99,5
918,3D40C3DB-FE99-4BEA-8231-225D48AB88FE,160900655,0,5
919,3D40C3DB-FE99-4BEA-8231-225D48AB88FE,170109437,22,3
920,3D5BB5CB-7759-409A-AAEA-52D219E6A851,140503937,2,5
923,3D898DA3-E41C-4E06-9A91-ADE32E6EBAEB,170201694,28,4
924,3D8A1F1E-D5DF-4715-A48C-8EF97D50B015,170201216,55,5
925,3D8A1F1E-D5DF-4715-A48C-8EF97D50B015,170201831,96,5
926,3DEF63C9-6A1D-468C-9F48-119B9BEAE8BB,150802077,1,5
928,3DEF63C9-6A1D-468C-9F48-119B9BEAE8BB,170202072,1,5
929,3E094F02-2F5B-479F-BD7F-836CAFAFE140,131003062,8,4
930,3E094F02-2F5B-479F-BD7F-836CAFAFE140,131003063,25,4
931,3E094F02-2F5B-479F-BD7F-836CAFAFE140,160501368,5,5
932,3E0CAA3B-18E7-4C08-98AD-D6D5BD5B7DCF,160812646,1,3
934,3E358C40-E500-4F00-B6D0-3FB7B3F3DED0,130901975,33,4
935,3E358C40-E500-4F00-B6D0-3FB7B3F3DED0,170200631,97,5
936,3E91ACF8-3BFD-4BC7-90BB-161B3A488216,140403309,42,4
937,3E91ACF8-3BFD-4BC7-90BB-161B3A488216,170109176,48,3
938,3F564F4C-987F-4203-B29E-672A2DB767FA,170201831,87,4
939,3F5E4D39-B684-41CA-97E2-86F7D75A12D3,160303792,0,2
940,3F6FD543-5D87-4327-9FA6-D1870C3872AB,120800178,88,4
941,3F6FD543-5D87-4327-9FA6-D1870C3872AB,170200631,94,5
942,3F91820C-748A-42CC-887D-55C5DD9B1E83,120702100,4,4
943,40000B32-A464-4634-9CAB-5AB49CFBF318,170201127,0,5
944,4021540D-2846-4561-90A3-702E2B2BEFC8,120401072,58,5
945,4021540D-2846-4561-90A3-702E2B2BEFC8,160303792,1,4
947,4021540D-2846-4561-90A3-702E2B2BEFC8,170201831,1,4
949,4055EF98-D6C3-41A9-8C8A-0FDE6845835A,150901380,3,5
953,40766A7C-B6B9-42A4-86AD-35FC2923C6A9,100200137,86,4
953,40766A7C-B6B9-42A4-86AD-35FC2923C6A9,100200137,86,4
953,40766A7C-B6B9-42A4-86AD-35FC2923C6A9,100200137,86,4
966,41D424C6-8653-4C1F-9F83-F136B12EC6E6,170201543,34,5
969,4290108A-23D5-47E4-B080-45C4BFA56B27,170109419,23,4
972,42CDB6BF-7E7C-42E8-BA10-957285F60587,140114150,99,4
973,42CDB6BF-7E7C-42E8-BA10-957285F60587,140114151,99,4
974,4340700F-F669-432E-9DA0-E2793677B95D,160303792,0,5
975,4355CB6D-CEBC-431E-92E3-27EF369646C1,140901559,37,4
982,43E27FB8-160B-49C2-9873-2E23B89756F2,130901596,98,4
984,43E27FB8-160B-49C2-9873-2E23B89756F2,130901598,98,4
990,4468F07F-D261-4E86-B94B-60733FBA4476,161108491,13,5
991,4468F07F-D261-4E86-B94B-60733FBA4476,161208160,95,5
992,4468F07F-D261-4E86-B94B-60733FBA4476,161208161,92,5
993,448C14E5-1DA9-4FB7-A493-E75A2674FE63,170201542,16,5
994,448C14E5-1DA9-4FB7-A493-E75A2674FE63,170201543,96,5
995,448C14E5-1DA9-4FB7-A493-E75A2674FE63,170201544,18,5
1006,454AD289-0311-45F3-A4CD-E9E5A1E90ADF,170108494,97,5
1007,454B958D-4A82-496E-B373-664E1FA8834C,170201203,99,5
1008,45845CC7-FA3F-4476-9E73-AFED13B70E74,120800178,25,4
1009,45A29C82-6599-4FE2-A865-BD94736A5E90,170104729,1,5
1012,45BB2156-BCB3-428B-93A9-9D1A24BBD296,141202232,99,3
1014,45BB2156-BCB3-428B-93A9-9D1A24BBD296,160703350,5,5
1015,45D57717-1B4D-4DE4-832A-9D65693BB7FC,161103827,60,5
1016,45EE373C-A27D-43BA-A495-C17823D6932A,170104770,0,5
1017,45F0C1A4-B002-4F12-9F87-AC8CADBA755C,170201543,45,5
1018,461A9461-3787-44E7-AF1D-6D0A13377B2E,170201831,0,5
1020,46312880-F4E1-4B7B-A7E2-12E3E442FA02,120800178,78,4
1022,46A20AB3-880C-4D72-9811-2318A0428B0C,160303792,0,4
1023,46A20AB3-880C-4D72-9811-2318A0428B0C,170201831,0,5
1024,46B05517-21C8-4625-974E-4D98A68B5C37,170201533,44,4
1025,46E02944-3203-42FF-8316-591239F6C070,170108848,0,5
1026,46E02944-3203-42FF-8316-591239F6C070,170108849,0,4
1027,46E02944-3203-42FF-8316-591239F6C070,170200161,0,3
1028,46E02944-3203-42FF-8316-591239F6C070,170200165,0,5
1032,4715EB2E-0D29-4146-90E8-B6B111D15A88,170200626,1,5
1033,4717A119-E0E6-4101-A17C-5404C9E59A4F,170108221,2,5
1034,4717A119-E0E6-4101-A17C-5404C9E59A4F,170108495,0,5
1035,4738B26E-DBD7-4151-9C24-E49A28E36BAC,140901559,29,4
1039,476DC3E9-9BFB-4AD0-97EF-89F2EC2B20B9,170108225,99,2
1041,476DC3E9-9BFB-4AD0-97EF-89F2EC2B20B9,170108227,99,5
1042,4774D1DA-5333-4430-A2C5-472BBA530717,170201127,9,4
1044,47D5C927-BE2B-4AC6-A22B-E666FBC53747,170201203,99,5
1045,47D5C927-BE2B-4AC6-A22B-E666FBC53747,170201831,1,5
1046,47D7067D-66B6-4670-89A4-C4C6A20618DF,160303792,98,5
1049,47E8658A-D331-4505-99FB-113BD9F3CF00,161104835,25,5
1053,47F93EC2-F83C-4885-A1B7-0FCB6ED4F508,170201593,2,5
1054,4809CA1C-9FCB-4E75-AE38-F728C619B751,140705766,2,5
1055,4809CA1C-9FCB-4E75-AE38-F728C619B751,161000096,1,5
1056,4833D17B-E404-4445-B40F-4AAE2E9209F0,160504402,99,5
1059,486F3B98-8DFB-48EC-B50C-0DC2A1591307,160303792,92,5
1063,48869D72-CDE5-4625-8C8B-115BF3B149A2,170201694,35,4
1064,4898C41A-F44A-44CA-B49A-1CED8937B481,160904132,2,1
1065,48A26051-A869-4BCA-8EF1-5008BD35E122,151101209,42,5
1072,48DCC7B1-672D-47DA-B518-A6B47C079037,160201897,1,5
1079,497482EF-50D5-42A7-BE85-8401B0B29676,160303792,1,5
1085,4980B6DF-D4E3-4662-9A34-30A714139A4F,170201694,86,4
1086,49BD372F-3EC6-496D-A5B8-ACDC8C9FAD9D,170201127,0,5
1088,49ED77FB-F6F6-420B-8FD0-BE6CC3DF1D61,170108350,33,5
1089,49ED77FB-F6F6-420B-8FD0-BE6CC3DF1D61,170201593,8,5
1090,49ED77FB-F6F6-420B-8FD0-BE6CC3DF1D61,170201831,7,5
1092,4A033A87-C1A8-473A-ABAF-BA4209592765,170201831,1,5
1093,4A0627A7-402C-4083-960B-A61BBDA51460,170201216,50,5
1099,4A3AD403-7056-48FE-9BCA-5A35C60C44D4,170201831,1,5
1102,4A5FA583-6EF0-42C4-ABE2-1A9830B553B6,170201593,39,5
1103,4A6707EE-5896-4DAD-B569-6B974940A47C,170201696,48,5
1104,4A69E4E6-8A5F-4FB0-887F-ACF6A06A864B,170200631,0,5
1105,4A85BFC4-0894-4B07-8143-D7570333FF4D,131200573,99,4
1107,4AB249DC-7940-4765-999F-5DCB4F2615B8,170201216,56,5
1108,4AB819BD-4827-40F2-8836-F2D84C0A7594,120401072,11,5
1109,4AB819BD-4827-40F2-8836-F2D84C0A7594,130400924,1,4
1110,4AD71047-A4D1-4CAE-A028-8862714F9DF4,170201694,90,4
1111,4B082C34-FBBE-4648-9236-59482D3A4512,170201694,98,4
1112,4B1652ED-D6E3-4914-A8A5-89E70F65EF1C,170104770,1,3
1116,4B8A47FF-78CC-4C7F-875E-8A5EAA51ED69,170201563,0,1
1117,4B8A47FF-78CC-4C7F-875E-8A5EAA51ED69,170201637,0,5
1120,4BDADDF3-F77F-4C64-83E9-C56C69F9F6C3,160303789,71,5
1121,4BDADDF3-F77F-4C64-83E9-C56C69F9F6C3,160900358,72,3
1122,4BDADDF3-F77F-4C64-83E9-C56C69F9F6C3,170201539,97,5
1123,4C21669E-0617-48D8-8FD9-954E72A8871E,160902658,89,4
1124,4C2259E1-00BA-4101-9C7B-3127835EA443,150603790,93,5
1125,4C41F37A-B462-4E83-B0BC-E61721AFAFD2,170200489,87,5
1128,4CC64690-439B-4236-9693-C92469E4A3E0,170201831,1,5
1129,4CC81341-D7B0-4053-9472-E4AE6C18D78A,170201696,82,4
1130,4D03E2F3-36AA-4D59-97A6-55C5B18638A3,170107356,33,2
1134,4D322685-EE70-481A-931F-CF7E245154FA,161002609,38,5
1140,4D8556E2-CAD8-44B6-8054-CC04EDB3EEE2,170100400,58,5
1141,4DB5F8F0-8F0E-49EF-8169-D24FF475B6E4,160812646,1,5
1143,4DEF4911-C3B0-4092-A247-EE452D8DDB49,170201694,1,4
1144,4E1FC3D1-09B7-4B2C-8306-DCF0862995C1,161108491,96,5
1150,4E557616-19B1-4FCE-ACB1-35E217E7B753,160812646,2,5
1151,4E557616-19B1-4FCE-ACB1-35E217E7B753,170202148,1,2
1153,4E6707E9-D28F-4174-96C9-D3529EBE6526,170107689,12,1
1154,4F233A7B-D4C2-4B32-BB50-A8FA39EE1F94,170105888,97,5
1155,4F32BA9B-3771-4011-A3CA-9AFE4CEFB59E,161200548,53,5
1157,4F43BB1B-75D7-4BA6-AC55-A9C867AE7839,160812356,90,4
1158,4F43BB1B-75D7-4BA6-AC55-A9C867AE7839,160812357,90,5
1159,4F43BB1B-75D7-4BA6-AC55-A9C867AE7839,161000639,93,5
1160,4F43BB1B-75D7-4BA6-AC55-A9C867AE7839,161200554,37,2
1165,4F946CC1-541C-4CF3-8DC2-DBBDE60707F3,160700206,98,5
1166,4F946CC1-541C-4CF3-8DC2-DBBDE60707F3,160700207,97,5
1168,4F946CC1-541C-4CF3-8DC2-DBBDE60707F3,161205749,94,3
1169,4F946CC1-541C-4CF3-8DC2-DBBDE60707F3,170201216,99,5
1172,4F9E44DA-0266-46B7-9BFE-79FDC408F4D4,170201915,98,5
1174,4FB7E9C1-7F5A-4A7B-9CD5-923287F24BC0,150301930,14,5
1176,4FD405BE-12AC-44CF-BF53-FBFD3414802B,170200489,4,1
1180,4FFD599F-3BDE-4EA7-92EA-EDBBB46737D9,141100580,99,4
1182,5048A692-9A9E-4157-8BC7-88848257B175,170201127,20,5
1183,5048A692-9A9E-4157-8BC7-88848257B175,170201831,80,3
1185,5058B0F8-25FA-4A2C-92C3-18CA8CAD20A9,170200118,66,5
1186,508D69E8-83BF-4D77-AAFC-C56FEB71BD8A,161200576,99,5
1187,508D69E8-83BF-4D77-AAFC-C56FEB71BD8A,170108226,43,1
1198,509E454A-1AE8-4D0A-9F6E-DD71D350D630,150800001,50,5
1199,50B218D2-6AC7-4413-9CFC-1E17B4ED4BAC,130900441,86,5
1200,50B218D2-6AC7-4413-9CFC-1E17B4ED4BAC,141100547,51,4
1202,51464FE6-1792-4AD9-BFFB-1B03BBD92425,160815067,0,5
1203,51676AD8-3E3A-43AE-9372-814C629CD274,170201831,22,5
1206,51FD9C7F-94AE-459F-93AA-E76A145EF1B1,120600148,1,4
1207,51FD9C7F-94AE-459F-93AA-E76A145EF1B1,150400888,0,5
1208,51FD9C7F-94AE-459F-93AA-E76A145EF1B1,160300414,1,5
1209,5219532B-F130-4D6E-BB9B-828A083DF722,160812646,20,5
1210,5249103B-622E-4B91-8FA9-C03217D848BB,161004404,99,5
1211,5250A5AA-545B-4A40-9DF1-0037AC9FF2AB,140705770,45,4
1212,5250A5AA-545B-4A40-9DF1-0037AC9FF2AB,140705771,19,4
1214,52C971AA-422E-43D4-A2A4-665ED5A41C7D,170201694,0,4
1215,52D965C2-8F8C-4D29-A846-4C6978BD5FF5,170201196,3,1
1216,52D965C2-8F8C-4D29-A846-4C6978BD5FF5,170201690,0,5
1217,52D965C2-8F8C-4D29-A846-4C6978BD5FF5,170201692,32,1
1218,530F15F7-57CC-4507-B464-F8E150812B46,160303792,4,5
1219,530F15F7-57CC-4507-B464-F8E150812B46,170201831,99,5
1221,532297C4-57AB-454F-AAD2-5E293636EC72,160901022,82,4
1223,533FF908-1D65-4990-A4CB-CC60DFCA2E5E,130700948,44,4
1224,533FF908-1D65-4990-A4CB-CC60DFCA2E5E,130700949,98,4
1225,533FF908-1D65-4990-A4CB-CC60DFCA2E5E,140100025,99,4
1227,53A6001E-0325-4B25-BC11-6D1FB46A74B4,141000148,0,4
1229,53A9243F-6F5F-4084-B448-64E7EF2F62A4,170201831,98,5
1235,540F8D39-12D8-47B1-B14B-9749CC17D5F4,170201831,96,5
1238,5435D389-081B-44C5-AEEC-D01F2D3F00BB,150301004,99,4
1239,543C61B6-000E-4960-A02F-2E9CAB5657F4,160703957,1,5
1248,54B23D09-8C54-47C5-AEB9-91A6FA53FD71,141004956,99,5
1253,550CC0BF-E26D-443E-AB1B-699A9515C6CF,170201696,29,4
1259,5528A326-A036-408A-9E17-07F809C7BD9A,170108262,88,5
1263,558C6C2C-852B-4E5F-99E5-D8C832EFAEB4,170201544,46,5
1265,55A454B0-3421-4616-B5E2-743D80D4803E,170201831,98,5
1268,55C26FC0-6F33-4CF1-8BBD-E56C923B561F,170201876,1,5
1269,55DE7067-E381-47DF-8190-CCFD2D2A1442,120702364,65,4
1273,55DE7067-E381-47DF-8190-CCFD2D2A1442,170201831,0,5
1275,560A4BF0-2222-4D3A-AD26-A9A987054674,170201127,5,5
1277,56206673-A20C-45EF-B572-982A9161E07B,170201831,13,5
1279,5688B110-99BD-41E9-8C2F-EC9A2D16E901,160812485,0,5
1283,569B8139-B03F-4E60-BC31-505A6D7D28D3,170109047,48,4
1285,56EE1727-5D20-4494-BCBC-43908F81563D,160303792,17,5
1291,574432F1-004F-45A7-8316-0E8BBB005EFB,170200850,13,5
1301,57B43E46-1287-4E2F-8862-A496B3770479,150901380,0,5
1302,57B43E46-1287-4E2F-8862-A496B3770479,160500359,1,5
1304,57B43E46-1287-4E2F-8862-A496B3770479,170200631,1,5
1305,57B43E46-1287-4E2F-8862-A496B3770479,170201531,2,5
1308,57F7EB68-5CDD-41FE-8D64-F4D8FA89ED4F,120202435,68,4
1309,57F7EB68-5CDD-41FE-8D64-F4D8FA89ED4F,140402373,98,4
1310,57F7EB68-5CDD-41FE-8D64-F4D8FA89ED4F,160306401,83,5
1311,57F7EB68-5CDD-41FE-8D64-F4D8FA89ED4F,170100571,54,4
1312,57F7EB68-5CDD-41FE-8D64-F4D8FA89ED4F,170201831,1,5
1313,582BB797-8DC7-4B42-AF1D-B2876CAE832B,170202072,82,4
1326,58B359EE-89F0-4691-9C39-8C555CA72838,170104754,0,5
1327,58B359EE-89F0-4691-9C39-8C555CA72838,170201525,0,5
1338,58BBDD91-73BF-4688-99C0-2564C43CD9A8,170201831,95,5
1339,58DAF070-42E6-4654-8E59-71B065E2597B,160815067,89,4
1340,58DAF070-42E6-4654-8E59-71B065E2597B,170200676,89,5
1346,5A925C3D-D249-42D1-9971-63CE403326A9,161001617,46,1
1347,5A9978B6-42B9-43E8-BE95-3F2EBA263EE8,170201694,98,4
1348,5AC30524-17BA-464F-B7CE-F1E2AD125730,160902816,86,5
1349,5AC30524-17BA-464F-B7CE-F1E2AD125730,170201696,53,4
1350,5AC30524-17BA-464F-B7CE-F1E2AD125730,170201876,16,5
1353,5ACEA609-9BAF-44E8-B294-537F6B99A1F8,170201831,97,5
1355,5B028FBE-7CD1-4168-A4E8-5472276381CC,160303792,0,5
1356,5B028FBE-7CD1-4168-A4E8-5472276381CC,170202077,28,5
1359,5B4B2958-1D89-49CC-8CAA-D7279A1C842B,160303792,97,3
1360,5B4B2958-1D89-49CC-8CAA-D7279A1C842B,161205078,98,5
1361,5B4B2958-1D89-49CC-8CAA-D7279A1C842B,170109199,94,5
1362,5B4EA780-3367-4138-927C-894ADD1246A6,111001066,1,4
1363,5B4EA780-3367-4138-927C-894ADD1246A6,130602077,0,4
1364,5B4EA780-3367-4138-927C-894ADD1246A6,160206812,7,3
1365,5B4EA780-3367-4138-927C-894ADD1246A6,160206813,1,3
1366,5B4EA780-3367-4138-927C-894ADD1246A6,160206814,0,3
1372,5BAFDE9D-3D5E-4AC8-A213-83607E58DDB6,170201694,84,4
1376,5C057B22-5881-4221-B21F-196F0F7C720D,170200489,93,4
1379,5C5D87C8-1332-4847-8004-F7EA1FD69500,130502773,74,4
1381,5C96E832-CAA0-4380-8D82-202106AFD1E2,161205033,62,5
1382,5CF12543-E5A7-49BD-9537-5F7C007D578D,170100423,1,4
1385,5CF12543-E5A7-49BD-9537-5F7C007D578D,170201916,45,4
1388,5D45DD54-2923-4510-B70E-7FBA178C9579,170201544,62,5
1389,5D49A95D-F385-4410-9150-CE093FFA1B2C,170201216,98,5
1390,5D52EF8B-4F09-418F-B188-B2053FD3C403,141204509,34,4
1391,5D52EF8B-4F09-418F-B188-B2053FD3C403,151203058,97,3
1392,5D6BFE9E-4E75-4A7B-88C3-73F44C65D4B1,170201831,97,5
1394,5DCE4558-A770-4EB0-94E5-CC5FD0405882,170201694,95,4
1395,5DD5D917-646E-49A3-ADE7-5E18F59A9789,161104159,0,5
1404,5DEEA5BD-88F8-4C7C-825B-5AED0A84A7D0,170201637,1,5
1406,5E0EDDC4-2D12-4FAA-B8E3-E08EA7F2D4D9,161002666,18,5
1408,5E1B54B5-B9CB-4ADE-B2EC-9808A86E9623,160703317,52,5
1409,5E1B54B5-B9CB-4ADE-B2EC-9808A86E9623,161005146,56,5
1411,5E420DDB-4077-4240-BD4E-9BE59FAECC0D,160303792,0,5
1412,5E420DDB-4077-4240-BD4E-9BE59FAECC0D,170201831,0,5
1413,5EA2F991-330F-4FD1-BE8B-18B4616005EB,170201694,95,4
1414,5EADE0BD-F0F3-4775-82AD-71E0F86DB208,170201694,32,4
1415,5EB11DC5-5729-4D1C-B330-F7CDE1090C51,160303792,10,5
1416,5EB11DC5-5729-4D1C-B330-F7CDE1090C51,170201593,99,5
1417,5EB11DC5-5729-4D1C-B330-F7CDE1090C51,170201831,0,5
1419,5EC573A3-D7BC-410C-A833-339DC2E942C6,121100683,39,4
1420,5EC573A3-D7BC-410C-A833-339DC2E942C6,141004956,80,5
1422,5EFF0FE0-F022-4FD5-899E-2F4BB1B13C8A,160303792,88,5
1425,5F87CADE-3906-45FA-90A2-18EA3FB7F8A5,140114152,99,4
1430,5FFA046A-F1B4-4D88-BA6F-43FC2D1E8DF5,160604186,83,5
1431,5FFA046A-F1B4-4D88-BA6F-43FC2D1E8DF5,170200740,43,5
1432,5FFA046A-F1B4-4D88-BA6F-43FC2D1E8DF5,170200741,88,5
1433,5FFA046A-F1B4-4D88-BA6F-43FC2D1E8DF5,170201127,14,2
1434,6006BCF6-E79E-4E95-A62D-A7FC310A8A24,170101805,66,4
1441,60746D53-9BC1-4362-8493-99126BAADB6F,140114151,51,4
1450,60C0F641-CF23-4013-8949-9E82DE93152A,160306353,95,5
1452,60C0F641-CF23-4013-8949-9E82DE93152A,161001426,1,1
1453,60C0F641-CF23-4013-8949-9E82DE93152A,170201216,99,5
1455,60C0F641-CF23-4013-8949-9E82DE93152A,170201544,99,5
1457,610C24A6-A94C-42BD-8503-400E6784F320,160504083,29,5
1458,610C24A6-A94C-42BD-8503-400E6784F320,170108261,25,5
1460,611D1520-BD94-456B-A2F0-2D78DFAB078B,170200676,21,5
1473,61C9DFF3-10F6-4D66-B4ED-C10DA35AE611,130801235,19,5
1476,62243C7E-350F-486D-91DF-6F994CE9AF2B,170201216,98,5
1477,6245E9C0-BDF3-4223-B21B-88F5F72B1D39,160303792,96,5
1478,6245E9C0-BDF3-4223-B21B-88F5F72B1D39,161002635,8,5
1479,6245E9C0-BDF3-4223-B21B-88F5F72B1D39,170201203,22,5
1480,6246A3C7-8E60-4C57-84F6-080BF5D1C2EE,161208096,12,5
1481,6246A3C7-8E60-4C57-84F6-080BF5D1C2EE,170201690,65,5
1483,62598CF8-A17C-4C04-8C9D-44521F3AB9CA,160303792,0,5
1484,626BD01A-613E-4C0E-9DA9-2931D925A94E,170200848,32,5
1491,629C8EF5-BB72-45BA-A49C-1AE31304FC67,170108230,18,5
1492,62B6A9E2-2B9D-408C-80FA-822F7C149D99,150404420,6,5
1493,62BEE041-E2F8-46AB-998A-825A433224B8,160303789,52,4
1494,62C1D49B-329B-493B-8CEF-BFFC857622B0,160604186,68,5
1499,62D7C36F-568E-4434-9EEB-AB0963F57DF2,161104159,60,5
1500,62D7C36F-568E-4434-9EEB-AB0963F57DF2,170107126,3,5
1503,62EE5184-DD1A-4D90-B606-0CBF676042C4,170201127,9,5
1514,63435A62-C908-476C-A080-4184696AE6FE,170201127,23,5
1517,639F5535-AB5C-47BB-B685-C42BD1861F59,170201831,94,5
1521,63B7F5BA-C425-4973-A416-C88585A7A64F,170104753,29,1
1527,64413BC3-0402-40D8-AEFC-154F1A992908,160303792,1,5
1531,645A69B6-223B-4D1D-9907-E3D0353FD400,131100762,1,5
1541,645C5C51-B8EA-4F70-A90E-EEDCDD9A4A7C,170108224,90,1
1543,6490BD56-0937-4F75-9C07-48A11BFBD7C6,170200740,0,5
1545,64935742-A25E-4E1B-9552-7FBA88CA6E5C,170201203,99,5
1546,64C90642-940A-4BCA-BE03-60B7D2602B1D,170201831,0,5
1549,6567164F-93D1-4BD1-87B9-CFA7B3E762D4,160303792,1,5
1550,6567164F-93D1-4BD1-87B9-CFA7B3E762D4,160703332,0,5
1551,6567164F-93D1-4BD1-87B9-CFA7B3E762D4,170201542,3,5
1552,6567164F-93D1-4BD1-87B9-CFA7B3E762D4,170201543,3,5
1553,6567164F-93D1-4BD1-87B9-CFA7B3E762D4,170201544,0,5
1554,65C8F76E-CDAF-42CB-8EC0-1C8AE44816D8,160303792,2,5
1555,65E5211A-4D77-41E4-B6FA-81EB5B853233,170108224,99,1
1556,65E5211A-4D77-41E4-B6FA-81EB5B853233,170108225,45,2
1559,661B8F4A-9135-4B20-BFB8-BFCE52655316,161000639,79,5
1563,667C63D6-D8BB-46F0-A125-69D81E0494E9,120300087,56,4
1564,66C2B54A-1CFD-4461-87FC-BF3A5D1BE908,140903030,9,5
1565,66D57086-FE5D-43EC-818A-0FC367DFF531,170201216,98,5
1566,66DBBA31-5A32-4EB7-AE31-2A2C6E5A9D24,170201127,94,5
1567,671265F6-9F20-430C-B325-15B3D769091B,170200740,24,5
1568,671265F6-9F20-430C-B325-15B3D769091B,170200741,20,5
1571,672D6B79-64E5-4613-B098-47A62CF34B95,170201831,1,5
1573,677E60F2-501B-4A4B-ADD3-3618B125355F,150901984,70,5
1576,67B83FCB-FD2B-4137-8126-F0F46EA82699,130500185,25,3
1578,682A04F3-2339-432B-8C38-91591A79A872,150103512,1,5
1579,682A04F3-2339-432B-8C38-91591A79A872,160703627,99,5
1580,682A04F3-2339-432B-8C38-91591A79A872,170201831,14,5
1581,683AEE19-4983-469B-8C07-E07C4481D9C0,160812646,0,5
1582,6849EA60-46E6-4B4C-9C8C-063808F40D41,160303792,88,5
1583,684FF501-ADFE-4596-9538-1A79B83173A4,140600122,76,4
1584,684FF501-ADFE-4596-9538-1A79B83173A4,140603987,0,4
1587,685EB536-A975-48CB-B2EF-E774759F1A55,160303792,15,4
1590,69112BD1-1B16-4799-8827-382079B78E82,150101946,24,4
1593,694BD563-A88F-4FE1-AB3A-898BF60D2EF7,160604186,95,5
1594,694BD563-A88F-4FE1-AB3A-898BF60D2EF7,170200740,77,5
1595,694BD563-A88F-4FE1-AB3A-898BF60D2EF7,170200741,98,5
1597,698D2E4B-8D85-4F80-913B-5D6CD713A995,160812646,1,5
1598,698D2E4B-8D85-4F80-913B-5D6CD713A995,170201525,0,5
1605,69F4ADF6-60C7-449E-958D-F957BD09F3DC,170107126,38,5
1606,69F4ADF6-60C7-449E-958D-F957BD09F3DC,170201831,30,5
1607,69F90228-A02B-4CD6-A4D3-7D98997C8ED7,170106356,59,5
1608,69FF3207-ED7A-404E-8AFF-AD5DA0466720,151103317,22,5
1614,6A074CBE-026A-4849-A327-114A6F9E79EE,170201696,56,4
1627,6AB7A0BB-F6E1-4A8F-8753-57538277DA24,170201831,73,5
1630,6B788DC1-711E-4659-9942-F6DCC394A3D4,170201525,0,3
1631,6B788DC1-711E-4659-9942-F6DCC394A3D4,170201526,0,5
1634,6BA1BB79-52DD-45BF-A5FB-BF25E4D8511B,160303792,4,5
1639,6BE4333C-C613-4C98-AD6C-1C8055A5F262,170201216,99,5
1640,6BE5AD80-D1B7-4C5F-9048-B7E4122F8BF5,170200740,57,5
1641,6BE5AD80-D1B7-4C5F-9048-B7E4122F8BF5,170200741,88,4
1643,6C959991-7BCA-4C24-A7E0-EAADCCD946DD,160812646,0,5
1647,6CBAC22D-E4C2-4C10-8546-AE55EB9EB65E,160306893,0,5
1648,6CFC690A-607B-45C0-83E8-270CB1553CA7,151209671,34,5
1651,6D571A49-9159-4FFF-9772-67F0BA1B147F,140901558,86,4
1652,6D571A49-9159-4FFF-9772-67F0BA1B147F,140901559,97,4
1653,6D6A6514-6300-4E4E-B938-356E8A22DC80,170200850,79,5
1654,6D969931-2DDA-4207-8B24-D18CFEA49247,170201203,99,5
1656,6DD6D069-6A5A-41BF-88F8-EDC49AFFAAEA,170201525,2,4
1660,6DF9DB2E-170F-42E0-8DA7-518D852B1DBD,160812662,53,3
1662,6DFC1B7B-B26D-479A-BCAC-5D9ECA41F49A,170201543,8,5
1663,6DFC1B7B-B26D-479A-BCAC-5D9ECA41F49A,170201546,69,5
1665,6E37C8F4-9711-427A-A62F-EA0AD235E60D,170201696,1,4
1666,6E4A4373-E8BF-41AF-8C71-D0FAE109B298,150701428,1,5
1667,6E4A4373-E8BF-41AF-8C71-D0FAE109B298,151102967,0,4
1668,6E4A4373-E8BF-41AF-8C71-D0FAE109B298,170201831,1,5
1672,6EA1F3B3-0841-46B5-89FD-CE5FA0018B81,170201203,99,5
1674,6F233D0F-D4C0-41CE-B740-4FF59C3E86B1,140114148,54,4
1677,6F69AC67-0132-4319-B37E-02DA9FC694CA,170201543,1,5
1680,6F8A3788-EBC4-461E-BA69-0D7048271DDD,170201127,49,5
1682,6FBB3B15-A036-45A7-896E-8992F57753AD,160812646,0,5
1683,7028981F-260B-479A-9EB1-5368CA9F38EB,140600675,0,5
1684,7028981F-260B-479A-9EB1-5368CA9F38EB,150100609,0,4
1685,7028981F-260B-479A-9EB1-5368CA9F38EB,160307196,0,5
1686,7028981F-260B-479A-9EB1-5368CA9F38EB,160702572,0,5
1687,7028981F-260B-479A-9EB1-5368CA9F38EB,161104163,0,5
1690,70EE4077-7224-4FE3-B048-E5F2425FBDF3,161205078,74,5
1691,70EE4077-7224-4FE3-B048-E5F2425FBDF3,170201831,14,5
1692,711509EE-4797-499D-9BA5-87AB210DBB2C,140402788,8,4
1693,711509EE-4797-499D-9BA5-87AB210DBB2C,150901380,43,5
1695,712A3D42-601F-438E-A79C-F58F8665C63D,170200740,34,5
1696,712A3D42-601F-438E-A79C-F58F8665C63D,170200741,8,4
1701,715372B3-0ED9-48D8-A10E-C6BEDAB72B70,170201526,99,5
1702,718767D4-CA30-4CA5-9BD7-C407A4A38929,170201127,2,5
1703,71BA1D76-0234-462E-ADE8-4B8DB987A18A,161205033,76,5
1704,71BA1D76-0234-462E-ADE8-4B8DB987A18A,170201127,5,5
1705,71BA943E-06CB-4A8C-9EE4-9680DA87B3B9,170201543,88,5
1706,71BA943E-06CB-4A8C-9EE4-9680DA87B3B9,170201544,67,5
1707,71C4FDFD-D111-4E42-BE9A-68788C372959,170201544,99,5
1708,71D97E36-CA0B-4C95-8195-65D1291D5793,140707249,99,4
1710,71D97E36-CA0B-4C95-8195-65D1291D5793,141201501,12,4
1711,71D97E36-CA0B-4C95-8195-65D1291D5793,150301131,23,4
1715,72364FBB-980B-4E16-8BEC-56A49B2F30FB,170201544,47,5
1716,72364FBB-980B-4E16-8BEC-56A49B2F30FB,170201831,1,5
1717,727334DB-031B-4126-BAD4-E36804CA589C,170201127,9,5
1718,72F63F26-B66A-48A6-94D4-2770302EBA2F,170100429,98,5
1719,72F63F26-B66A-48A6-94D4-2770302EBA2F,170100430,70,3
1721,731ADA39-F625-4EAF-9EA8-B2E06CE65348,140228731,30,4
1722,731ADA39-F625-4EAF-9EA8-B2E06CE65348,140900984,0,5
1723,731ADA39-F625-4EAF-9EA8-B2E06CE65348,161102761,1,3
1725,73333737-FC55-479B-85B6-FC59D22590BB,160303792,3,5
1726,73333737-FC55-479B-85B6-FC59D22590BB,161002126,81,5
1727,73333737-FC55-479B-85B6-FC59D22590BB,170201533,93,4
1730,73333737-FC55-479B-85B6-FC59D22590BB,170201544,40,5
1734,73D72EF5-EBF0-41F6-9306-8CF4E70D0531,161208168,2,5
1737,73E9D9CE-E305-42A2-99F9-0FE789532736,151102982,12,5
1739,7427AA18-FD39-41BA-8C51-296163A6BCA9,130703076,52,4
1742,7441B5B7-C438-4C08-9E36-0E77B754B9F6,170201216,99,5
1743,74849D02-4A56-4D20-9DED-72C8326E3B40,160702564,2,5
1745,7491C052-2590-45C4-9B0B-CF1311585741,150401590,91,5
1746,7491C052-2590-45C4-9B0B-CF1311585741,170108974,90,3
1747,74C9E3C6-2502-4565-A772-97F7D5E11DD4,170201563,1,1
1748,74CDA73E-F863-4B4F-9C05-B5EFE4FEBB14,170201216,99,5
1750,74D1C04E-E5CD-45EC-AB3A-E95F4A152C24,170201203,1,5
1757,751FE95E-D6DB-4307-89B3-E862A1AF82A2,170106363,1,2
1760,7549637E-5C8C-4A04-9D21-FF3599596CB8,140602751,20,4
1762,75499701-6A16-4CFC-9EE9-4123990D2EB2,140503729,99,5
1766,7552EFD0-8A4A-4226-B9C5-F90B81074D5E,161205078,75,5
1767,75959A36-B1F5-418A-97ED-92C799DCC443,141204088,86,4
1768,75B8C721-0B43-4039-9DEB-0D4B3630BA03,160812646,0,5
1769,75B8C721-0B43-4039-9DEB-0D4B3630BA03,170100429,99,5
1770,75B8C721-0B43-4039-9DEB-0D4B3630BA03,170100430,97,5
1771,75BB8E7B-1891-4BE2-A5C3-620A50801C7D,140703067,17,4
1772,7618864E-7E87-4C5C-9722-BF84E2ED81A9,160903611,16,5
1773,7618864E-7E87-4C5C-9722-BF84E2ED81A9,170104457,78,5
1774,7618864E-7E87-4C5C-9722-BF84E2ED81A9,170201127,0,1
1780,76A9A1F4-5A35-46D9-BAFA-33F561E76074,131002661,98,4
1781,76BAA0FD-C8C5-415D-957C-93B5D5029D11,170201694,0,4
1784,772D25F0-557E-4274-91A4-D71F8AE93CC7,170201216,99,5
1786,774D447B-BF3F-44B6-9B97-182417105299,170201196,1,1
1790,77AA5979-4150-41DD-A093-3F9E01CB72C7,170201533,87,4
1800,77E4CFD0-9FD9-469D-86C1-AF69E3E99608,150300005,6,4
1801,77EE168E-B438-4A72-919C-F359307C3543,170201831,86,5
1802,77FC1A2A-B580-4746-87B8-3D2E7948DFBA,161003688,93,5
1803,77FC1A2A-B580-4746-87B8-3D2E7948DFBA,161003689,87,5
1804,7800A662-DC7D-478B-B4FD-2D18C914EEC7,151001258,99,5
1806,78269F2B-2371-4840-B5B7-21EC61F7F3F5,170201127,3,5
1807,7834F137-C452-4B1A-AAC8-21EB98AC7359,120202603,91,4
1810,7876FA7A-AB09-40C0-92A6-E651D1EC35C7,110900727,99,4
1813,788C204E-F200-4763-B633-D7E7ECFFFCF8,161003696,53,4
1814,78B1DC32-6987-4333-931C-3636F357B65E,170201203,99,5
1823,78EA1A3F-14BB-416B-8F44-DE56E1094E16,170201594,99,5
1824,7901E776-06C0-4088-8B27-880E0296E0B7,161104159,56,4
1826,79A3B9AF-58FE-4F96-9EC1-80F63CBE505D,170200118,0,5
1827,79A3B9AF-58FE-4F96-9EC1-80F63CBE505D,170201216,95,5
1828,79A3B9AF-58FE-4F96-9EC1-80F63CBE505D,170202077,73,5
1829,79AE1A22-CA1A-4106-BE90-6CA6BD533823,170104812,12,1
1843,7A7CB9E1-2917-4A56-84DE-394D385F1D29,170201542,27,5
1845,7A7CB9E1-2917-4A56-84DE-394D385F1D29,170201544,48,5
1846,7A89CFD0-FFFC-4109-9F99-2CF591B19B7D,140501325,71,5
1857,7B3A419B-46CC-445E-AA43-42CAF03FB5DE,150905254,0,3
1859,7B703725-A87A-405B-BE5F-68E2A8BDD9A4,120302340,0,4
1860,7B703725-A87A-405B-BE5F-68E2A8BDD9A4,140114438,76,4
1861,7B703725-A87A-405B-BE5F-68E2A8BDD9A4,170104745,60,5
1862,7B97686E-687C-4067-8A12-E86DB1AE6D0D,170200631,42,4
1863,7BC9C3AA-7B1B-4AF7-A88E-8C79B643E4A7,160813334,50,5
1864,7BC9C3AA-7B1B-4AF7-A88E-8C79B643E4A7,170201872,93,5
1867,7BD0780B-B590-400B-B357-D89E8A78438C,170108581,42,5
1868,7BD0780B-B590-400B-B357-D89E8A78438C,170201533,63,4
1872,7C16D707-7565-4701-9BB7-5AE0FAD4491C,160303792,99,3
1880,7C356BFB-01F2-4E81-813C-EA364CED22DC,170201531,99,5
1881,7C356BFB-01F2-4E81-813C-EA364CED22DC,170201831,84,5
1891,7C718C4F-A106-4EAD-8063-D8753BC93D10,131100216,87,4
1895,7C84688C-6559-4FF2-94B5-BEC4BCF86DA8,170201915,99,5
1898,7CC228FE-2ABC-4D21-85AD-29763D6255A4,170201831,0,5
1899,7CF5C7CB-779B-4636-98BF-96525A38F065,161100489,15,5
1900,7CF5C7CB-779B-4636-98BF-96525A38F065,170201525,2,4
1905,7D953C76-EEE8-4229-A7EB-9FACBFEDA3FD,160812646,1,5
1906,7E083A9A-6B3A-44BE-A532-45EE0E513EEF,150200201,98,5
1907,7E0C9DAC-7926-4FE5-AFC3-470A2A35D980,170201203,96,5
1908,7E33060A-1423-4BBE-9B09-C5E3040C87FF,170201694,91,4
1909,7E3E2DD9-DEEE-4D46-B12C-AD9EAEE7BF0D,120600148,0,4
1910,7E3E2DD9-DEEE-4D46-B12C-AD9EAEE7BF0D,150400888,19,5
1911,7E3E2DD9-DEEE-4D46-B12C-AD9EAEE7BF0D,150800001,78,5
1912,7E3E2DD9-DEEE-4D46-B12C-AD9EAEE7BF0D,160702941,68,5
1913,7E3E2DD9-DEEE-4D46-B12C-AD9EAEE7BF0D,160703748,0,5
1914,7E50C514-CBB0-4C54-B24C-231E0B15BBB3,170201127,91,5
1915,7E7CC487-BFAE-43B4-A017-49D06C9FF053,160303792,0,5
1916,7EA1E20C-7065-44EC-AC08-F52D79AC823E,161205030,95,5
1918,7F0820EF-1CD7-4B6A-A867-9804CF800DD1,160305086,0,4
1919,7F0820EF-1CD7-4B6A-A867-9804CF800DD1,170109199,0,5
1920,7F0820EF-1CD7-4B6A-A867-9804CF800DD1,170200184,0,3
1921,7F0820EF-1CD7-4B6A-A867-9804CF800DD1,170201216,0,5
1922,7F0820EF-1CD7-4B6A-A867-9804CF800DD1,170201831,77,5
1925,7F159336-A29D-40D7-9068-E1E2E69D069D,170108223,0,5
1934,7F454856-E213-4FF5-9B4A-2CA5ED4F4157,170201831,73,5
1935,7F76410B-4DA4-45AC-ACFA-44E7DEE67CC0,170201127,14,5
1937,7F9E766A-890F-406B-9B6A-C978ED8C0415,131003210,96,5
1938,7F9E766A-890F-406B-9B6A-C978ED8C0415,131100751,99,4
1939,7F9E766A-890F-406B-9B6A-C978ED8C0415,131103148,47,5
1940,7F9E766A-890F-406B-9B6A-C978ED8C0415,140230849,97,4
1942,7F9E766A-890F-406B-9B6A-C978ED8C0415,150102664,95,4
1943,7F9E766A-890F-406B-9B6A-C978ED8C0415,161000462,45,5
1944,7F9E766A-890F-406B-9B6A-C978ED8C0415,170109199,75,5
1945,7FD20199-75C5-47C9-AE0F-85108793A29A,170100423,0,5
1946,7FD20199-75C5-47C9-AE0F-85108793A29A,170100424,93,4
1947,7FD20199-75C5-47C9-AE0F-85108793A29A,170100425,94,4
1948,7FE476D6-E580-4387-BF51-9F9711593F07,160701951,0,4
1951,7FF36ED5-4638-43B3-A072-24C8BA665621,170108924,66,3
1956,807FFE49-EB6A-4542-BEFA-40D54DF47772,160902982,1,5
1958,80A1BCAD-323D-4502-9A21-C2A64376E1A0,170201193,1,5
1959,80A32259-77A6-40B5-8538-2C6D401E37B9,110600544,8,2
1961,80B83DF9-A7F0-42C8-803D-A71D274DA454,120600305,9,5
1962,80F4D2FD-5D54-419D-8A41-A543E92875E3,170201831,0,5
1963,8102A73F-5125-44E9-8187-0DF0648737E8,161202840,1,5
1964,8102A73F-5125-44E9-8187-0DF0648737E8,170104773,2,5
1965,8102A73F-5125-44E9-8187-0DF0648737E8,170104890,1,3
1966,8102A73F-5125-44E9-8187-0DF0648737E8,170105708,1,5
1967,8102A73F-5125-44E9-8187-0DF0648737E8,170201193,83,5
1976,815B5C19-09D1-448F-980F-8A4D116E8D6C,170201203,99,4
1978,81ABD821-0128-4E97-B511-45B171DB4481,161201246,98,5
1979,81BA1DBE-87DE-493C-96A8-89DBE62F1FAC,170200118,99,5
1982,826C9172-3EBB-4E21-9BC1-C3018566168A,160303792,26,5
1983,826C9172-3EBB-4E21-9BC1-C3018566168A,170201216,4,5
1984,826D28DC-4571-422F-93B7-5FE0C33AFD83,120700305,1,5
1985,826D28DC-4571-422F-93B7-5FE0C33AFD83,120702048,34,4
1988,826FD7AE-EE24-4B6D-94A0-3EBE367A09CD,170100429,11,5
1989,826FD7AE-EE24-4B6D-94A0-3EBE367A09CD,170201696,78,4
1990,82868C36-2542-410C-8A8C-6157E404DB04,170201533,33,4
1992,82F54B71-10CF-4AEF-9FDA-FD5ECC86AD1C,160701909,99,5
1993,82F54B71-10CF-4AEF-9FDA-FD5ECC86AD1C,160702941,1,5
1994,82F7EEB8-001E-4202-949B-5177F838ED07,170200167,11,5
1995,82F7EEB8-001E-4202-949B-5177F838ED07,170200626,1,5
1997,830B302D-26F1-4120-A851-097ED26A84A0,160702883,85,5
1998,830D641C-4BBB-4168-8E16-66043CD24F12,140306385,98,5
2002,83357BF4-E087-4C48-A49B-28A84BC4E074,160306390,84,5
2003,83357BF4-E087-4C48-A49B-28A84BC4E074,170108581,10,5
2006,8353328A-3186-42B4-A9E8-13DD2958E3C1,160504085,98,3
2008,8353328A-3186-42B4-A9E8-13DD2958E3C1,170201696,62,4
2009,8357E326-78F7-43B3-A018-AD4191F9A8BB,161105384,11,5
2012,8370109A-D9D3-42A7-91B4-8DC544FD5BFF,110200420,99,4
2013,8370109A-D9D3-42A7-91B4-8DC544FD5BFF,130800609,97,4
2015,8370109A-D9D3-42A7-91B4-8DC544FD5BFF,170201127,19,5
2021,83BB4732-8A03-4853-8E69-18F463E0A711,170201831,97,5
2022,83C13ABA-E7BD-4CA2-9BFE-EDE08D1751F9,140114152,0,4
2023,83C13ABA-E7BD-4CA2-9BFE-EDE08D1751F9,140114153,1,4
2024,83C13ABA-E7BD-4CA2-9BFE-EDE08D1751F9,140114155,4,4
2026,83C5438A-98A8-401B-9CD8-6CD3E75D6115,161205032,1,5
2030,8409DAAF-5073-425A-AA5D-ACDADA81623E,170200489,7,5
2031,84211488-C41A-4BA2-A65D-CA099F42221D,141000804,10,5
2032,84211488-C41A-4BA2-A65D-CA099F42221D,150603203,92,3
2033,84211488-C41A-4BA2-A65D-CA099F42221D,151001041,24,5
2035,849EFEB8-DE40-48AF-B065-3AB08737EDD8,120302916,61,4
2036,849F0C6E-C09A-4737-A1DC-DDFA3E1A97B2,170102096,98,1
2037,849F0C6E-C09A-4737-A1DC-DDFA3E1A97B2,170107688,99,1
2038,84B824B4-0645-414B-9BDA-BCF0DFD2A409,170201216,98,5
2039,84ED192C-51DF-4654-AC19-0A53B6F639E9,170109199,94,5
2040,84ED192C-51DF-4654-AC19-0A53B6F639E9,170200631,73,5
2041,853A71AE-960F-417D-9FC4-BE53ABFEF397,160700870,12,5
2042,853A71AE-960F-417D-9FC4-BE53ABFEF397,170109199,1,5
2048,85942AAB-114B-456E-A97D-C073B59F8D87,170201831,0,5
2049,859733B0-7D03-4BBB-9450-7C025CFE6FC6,160300414,70,5
2050,85C9E144-EF82-41C1-8E44-82F8A9C23BFC,160504503,16,5
2051,85C9E144-EF82-41C1-8E44-82F8A9C23BFC,160812794,21,5
2053,85D80FAB-B60F-43EC-9CB2-C3869698048B,160812646,4,3
2054,85EE07BA-EE2E-472D-9B06-A6FB9AECD4C5,170201127,78,5
2055,860D6F21-104B-4FAB-9892-BA78FBBB567F,170201831,1,5
2057,86A38427-C717-406D-9024-A135D72F5F4D,170109199,98,5
2058,86A38427-C717-406D-9024-A135D72F5F4D,170201831,75,5
2059,86D43789-3538-4126-86C3-29966357ED6B,161106310,95,5
2060,86E4E28F-31BA-44DE-84AF-9C012F10DABA,170201694,6,4
2062,86F6AC4A-5B75-4419-9D76-888628D0C2C4,160215336,57,5
2064,86F6AC4A-5B75-4419-9D76-888628D0C2C4,160215338,25,5
2079,87B5190A-5D87-4290-ABB0-A8A9923B1100,161201278,99,5
2080,87C91809-B1BE-4FF5-8251-6956C37FEC3E,130700950,65,4
2081,87E542D8-74DC-46E3-B3F7-32A3C4086014,150800001,51,4
2083,87E542D8-74DC-46E3-B3F7-32A3C4086014,170201543,75,5
2084,87E542D8-74DC-46E3-B3F7-32A3C4086014,170201544,61,5
2088,88163D38-B0D7-4002-BCEB-C4FF764E7C47,160902975,67,5
2089,885D0514-AEC0-48E5-AC0F-E91B52999612,150604808,4,5
2090,885D0514-AEC0-48E5-AC0F-E91B52999612,150901380,99,3
2091,88766CB4-D32B-49EA-AF82-B84377179AD4,170201831,0,5
2092,88A14A35-CC36-400F-830E-2EE7A5ACC5B1,170109199,33,5
2093,88B74403-0239-432D-AD64-432AA4DB3642,161205033,96,5
2095,88CEC23B-EB1D-428E-9CEE-A92D77D7A937,160306898,22,3
2096,88CEC23B-EB1D-428E-9CEE-A92D77D7A937,170108221,18,3
2098,89271039-2073-49F5-853D-9CF8F490BD91,141200698,53,4
2099,89271039-2073-49F5-853D-9CF8F490BD91,150201560,64,4
2100,89271039-2073-49F5-853D-9CF8F490BD91,160700483,92,5
2102,895E0F05-E18F-4977-96F8-4A7B7B4CAD05,150103824,2,4
2106,896505E9-D03A-4CFB-BF6F-69780CBC29EB,161100986,14,5
2107,896505E9-D03A-4CFB-BF6F-69780CBC29EB,170200489,8,5
2109,89A8DDB9-F4B9-432B-99CF-CDD33DCF4FC0,150301952,91,5
2110,89AF625A-B000-44AD-BB28-DAC7E291D6BE,170109176,10,5
2111,89AF625A-B000-44AD-BB28-DAC7E291D6BE,170200631,0,5
2112,89AF625A-B000-44AD-BB28-DAC7E291D6BE,170201203,11,5
2113,89E71714-7C18-4F4C-86BE-978F8BD7D898,130401740,98,5
2114,89E71714-7C18-4F4C-86BE-978F8BD7D898,130501429,38,4
2115,89E71714-7C18-4F4C-86BE-978F8BD7D898,150400298,96,4
2116,89E71714-7C18-4F4C-86BE-978F8BD7D898,160303789,97,3
2117,89E71714-7C18-4F4C-86BE-978F8BD7D898,160307610,94,5
2118,89E71714-7C18-4F4C-86BE-978F8BD7D898,160307611,98,5
2119,89E71714-7C18-4F4C-86BE-978F8BD7D898,160701840,93,3
2120,89E71714-7C18-4F4C-86BE-978F8BD7D898,170107126,99,5
2121,89E95709-9614-499D-84C7-52FE05702FE9,131101350,92,4
2123,8A7631FA-8A14-4D3E-B05A-3AE454AB0D43,170201831,1,5
2124,8A7E4F79-B809-41EF-9EA3-800830706D0A,160902817,34,5
2125,8ADE0B01-D52D-4808-A17B-04261B270433,151005224,5,5
2126,8B26DE7C-36F3-49EC-9294-73FBB000A816,140800408,3,5
2132,8B5E5166-773A-431B-8EFB-BC7CC0A163B4,170201831,80,5
2141,8BBF15D5-EFFE-4B95-9051-9D980AB1DA1F,170201544,43,5
2142,8BBF15D5-EFFE-4B95-9051-9D980AB1DA1F,170201831,71,5
2144,8BE64718-835E-4E5E-B9B4-7B9BD3C41250,150604961,76,5
2147,8BFACBFD-6021-49AD-B398-59E842C71FF4,130501094,62,4
2148,8BFACBFD-6021-49AD-B398-59E842C71FF4,170201203,92,5
2150,8C300D69-1162-4F3A-B4FD-C87EB1A3570F,170104184,93,4
2151,8C300D69-1162-4F3A-B4FD-C87EB1A3570F,170201531,99,5
2156,8C6D6C09-0848-4699-BB8B-6697575E27F7,170201542,95,5
2157,8C6D6C09-0848-4699-BB8B-6697575E27F7,170201543,97,5
2158,8C6D6C09-0848-4699-BB8B-6697575E27F7,170201544,57,5
2159,8C79F7CE-D780-44A6-808D-620C246A2BF2,170106363,1,2
2160,8C7D1647-2379-42DC-9646-600FA25C5F60,130200571,2,5
2161,8C7D1647-2379-42DC-9646-600FA25C5F60,160303792,3,1
2163,8C960C87-0B68-4046-8E19-C241509AE959,161100489,99,5
2164,8C960C87-0B68-4046-8E19-C241509AE959,170201525,6,4
2165,8C960C87-0B68-4046-8E19-C241509AE959,170201526,1,5
2169,8CB33117-DF0E-4EC4-BD15-4932ABEF25AD,140901560,99,4
2176,8D8D4FF9-189C-42B0-908A-C9EC9C7CCBC4,170201543,1,5
2177,8D8D4FF9-189C-42B0-908A-C9EC9C7CCBC4,170201544,0,5
2178,8D8D4FF9-189C-42B0-908A-C9EC9C7CCBC4,170201831,1,5
2179,8D9AFDCB-0B57-45C8-970F-127E5489D6F2,170201216,98,5
2182,8DDD58D5-A385-4A07-9050-B77BF2941307,160115240,1,4
2183,8DDD58D5-A385-4A07-9050-B77BF2941307,161108491,20,5
2184,8DF3D277-EA4D-413F-9F6C-B22517EBE170,170104747,24,5
2189,8E2E7D43-FBF3-4276-ABA6-243D81215B86,161205033,0,5
2191,8E5902F8-A93C-4B04-9C48-F409C2A52EC8,170108491,34,1
2193,8E5DAA99-3D6E-4522-A64D-9A81B95D972D,150800001,24,5
2200,8EA04488-35E9-47CF-9F1A-006C592AE9A7,150402845,49,4
2201,8EA04488-35E9-47CF-9F1A-006C592AE9A7,160404593,34,5
2202,8EA04488-35E9-47CF-9F1A-006C592AE9A7,160501532,10,5
2208,8F07C557-ADC4-488A-A472-313717CDAFFB,170201196,50,1
2210,8F39C4B6-DEF5-45D9-A113-A850DB4A3545,170201694,35,4
2211,8F411E53-0C17-4A68-BFA6-91EDEC348715,160300136,99,5
2213,8F5CFC94-9CC4-4C7F-A9BE-63F726ABFCC6,170107951,34,5
2214,8F8D0376-06CA-4C2D-9CFC-F86C9DE2A293,160800646,83,5
2219,8FE19F63-9788-4E9A-A1E1-29D4A50C05DC,170201831,99,5
2221,904C9918-4B8B-40BF-A298-7BEB9C6D6A20,170201196,1,1
2224,9093A51D-284C-428B-AEFD-978D8F88D0BF,170108259,1,5
2227,9096F862-2ABD-4D02-86FB-F3C4B8ECCB33,160812646,1,5
2228,9096F862-2ABD-4D02-86FB-F3C4B8ECCB33,160904896,1,3
2233,91411C36-69C9-4365-A259-1C348CFCE45B,170201216,99,5
2237,91443801-3A5D-46CF-9C6F-559AF0F40865,120801299,95,4
2238,91445D30-2CE0-49C3-B46D-54E7DA5AB4E0,131003302,0,5
