"Member ID",Gender,Birthdate,"Percentage Complete","Review ID","Review Rating"
FFED175A-23E4-4BB0-8425-B74C2A396F40,M,1/1/1988,1,3903,5
FFD9F7B7-5A09-498E-8EF6-E6DA95CF08EC,M,1/1/1976,1,3902,5
FFA603A0-DE93-49AA-853D-EB1F8D199606,M,1/1/1971,100,3901,4
FF92C5AB-B1DC-4B6C-9DAC-F9BFE3D0BA2C,M,1/1/1968,58,3900,4
FF8EE820-8DB1-415E-BCD8-37377B779C60,M,1/1/1977,100,3895,5
FF8EE820-8DB1-415E-BCD8-37377B779C60,M,1/1/1977,1,3896,4
FF8EE820-8DB1-415E-BCD8-37377B779C60,M,1/1/1977,100,3897,5
FF8EE820-8DB1-415E-BCD8-37377B779C60,M,1/1/1977,100,3898,4
FF8EE820-8DB1-415E-BCD8-37377B779C60,M,1/1/1977,4,3899,5
FF7BBE8A-6B9F-4483-98A2-26D2D909250E,M,1/1/1971,100,3894,5
FF6C4942-F6F9-4F01-868C-99FBCAF9941A,M,1/1/1977,1,3893,4
FEE15D16-1AD0-49ED-BFB7-6E47C8937D0B,M,1/1/1972,54,3892,5
FE500A99-6CC4-461F-AE38-394A60E4897B,M,1/1/1970,100,3891,5
FE1E118D-73BB-40C9-9534-12A2F4B02097,M,1/1/1997,33,3888,4
FE1E118D-73BB-40C9-9534-12A2F4B02097,M,1/1/1997,53,3889,4
FE1E118D-73BB-40C9-9534-12A2F4B02097,M,1/1/1997,0,3890,5
FE188F45-AB68-4AD0-B814-3FCC730495B8,M,1/1/1965,0,3886,3
FE188F45-AB68-4AD0-B814-3FCC730495B8,M,1/1/1965,0,3887,5
FDCB8A79-C363-41FD-AAA6-C9154B9A4285,M,1/1/1969,100,3885,5
FDC5C906-1DF8-45C7-9AA7-115333BCD4B5,M,1/1/1991,64,3884,1
FD7BD58C-0ADA-4D17-92B0-6017DE6EE9B3,M,1/1/1965,100,3883,1
FD4BC292-A067-4431-89A0-DB9606E55129,M,1/1/1962,100,3880,4
FD1AA20C-17B8-43CF-A18A-98D8E5A72EA2,M,1/1/1989,1,3878,5
FD1AA20C-17B8-43CF-A18A-98D8E5A72EA2,M,1/1/1989,0,3879,4
FD05CA2E-B2DC-40AB-9141-D8078394A4FC,M,1/1/1973,99,3873,5
FD05CA2E-B2DC-40AB-9141-D8078394A4FC,M,1/1/1973,100,3874,5
FD05CA2E-B2DC-40AB-9141-D8078394A4FC,M,1/1/1973,100,3875,5
FD05CA2E-B2DC-40AB-9141-D8078394A4FC,M,1/1/1973,56,3876,5
FD05CA2E-B2DC-40AB-9141-D8078394A4FC,M,1/1/1973,5,3877,5
FCD10C90-BEB7-4CAE-BD99-4F202287DF71,M,1/1/1969,98,3872,5
FCC6CA88-061F-4A6D-A671-D3055058B50D,M,1/1/1965,77,3868,5
FCC6CA88-061F-4A6D-A671-D3055058B50D,M,1/1/1965,100,3869,4
FCC6CA88-061F-4A6D-A671-D3055058B50D,M,1/1/1965,100,3870,4
FCC6CA88-061F-4A6D-A671-D3055058B50D,M,1/1/1965,100,3871,5
FCB7DC5E-D407-44A0-9F01-C526934EEDF1,M,1/1/1979,100,3867,1
FCAA0BB9-2B49-476A-B0D6-6C10D0D82D29,M,1/1/1983,98,3865,5
FCAA0BB9-2B49-476A-B0D6-6C10D0D82D29,M,1/1/1983,97,3866,5
FC927392-DFE2-4694-AF7C-1B8162A35D91,M,1/1/1977,98,3864,5
FC8B9ADA-EDAC-486B-B48B-FB5906329B0C,M,1/1/1974,100,3862,4
FC8B9ADA-EDAC-486B-B48B-FB5906329B0C,M,1/1/1974,100,3863,5
FC6F1864-EE9A-4903-B948-65B2C2555EFC,M,1/1/1973,100,3860,5
FC6F1864-EE9A-4903-B948-65B2C2555EFC,M,1/1/1973,100,3861,5
FC4F0473-5D5B-47AF-9ED3-8419BC3667B4,M,1/1/1995,95,3859,5
FC4CBD5D-942F-4CE2-B09E-7065F314B99D,M,1/1/1991,100,3858,5
FC3972B5-E54F-423C-84C9-535174AD4D76,M,1/1/1968,98,3857,5
FC1FE966-D313-456C-9765-EEA6F5BF381B,M,1/1/1972,100,3856,5
FC1F175D-0D70-4EC2-9063-9689A962945A,M,1/1/1981,100,3854,5
FC1F175D-0D70-4EC2-9063-9689A962945A,M,1/1/1981,1,3855,5
FC08716A-A23F-4E4A-8269-891DD5435EF7,M,1/1/1968,100,3853,5
FBF74975-EAE5-48A8-A08E-4A8ED8441F42,M,1/1/1985,36,3852,5
FBB96E8D-22A0-4256-B337-96C187A7058A,M,1/1/1995,100,3850,5
FBB96E8D-22A0-4256-B337-96C187A7058A,M,1/1/1995,87,3851,2
FB5CF7F0-2791-427D-9649-9F55CF000630,M,1/1/1991,89,3849,5
FB577C33-494E-469E-8DAD-36DCB586C343,M,1/1/1947,100,3848,5
FB446C98-4E25-429B-AD19-397D0CDE9CC4,M,1/1/1974,99,3847,5
FB3A1351-9870-406A-860C-5AD1DB232DCD,M,1/1/1975,100,3845,5
FB3A1351-9870-406A-860C-5AD1DB232DCD,M,1/1/1975,100,3846,4
FB365A7F-9EF5-4E50-A399-DE77A7B2F196,M,1/1/1981,100,3841,4
FB365A7F-9EF5-4E50-A399-DE77A7B2F196,M,1/1/1981,12,3842,4
FB365A7F-9EF5-4E50-A399-DE77A7B2F196,M,1/1/1981,85,3843,5
FB365A7F-9EF5-4E50-A399-DE77A7B2F196,M,1/1/1981,70,3844,5
FAFB4B34-56E2-4E1D-98A7-661F1F0746B0,M,1/1/1969,100,3834,5
FAFB4B34-56E2-4E1D-98A7-661F1F0746B0,M,1/1/1969,100,3835,4
FAFB4B34-56E2-4E1D-98A7-661F1F0746B0,M,1/1/1969,100,3836,4
FAFB4B34-56E2-4E1D-98A7-661F1F0746B0,M,1/1/1969,100,3837,4
FAFB4B34-56E2-4E1D-98A7-661F1F0746B0,M,1/1/1969,100,3838,4
FAFB4B34-56E2-4E1D-98A7-661F1F0746B0,M,1/1/1969,59,3839,4
FAFB4B34-56E2-4E1D-98A7-661F1F0746B0,M,1/1/1969,100,3840,4
FAF65A5B-C362-4F8B-BAC7-FEC05999C253,M,1/1/1970,100,3833,5
FAF0AD12-3136-42C3-99C1-7C425AFB95A4,M,1/1/1992,100,3832,4
FAA7C0DF-3255-4871-B51D-DD1A5E6F8B51,F,1/1/1973,100,3831,5
FA402FFD-BA00-4909-BF4E-DA9F29A9C67E,F,1/1/1963,100,3828,4
FA402FFD-BA00-4909-BF4E-DA9F29A9C67E,F,1/1/1963,100,3829,4
FA402FFD-BA00-4909-BF4E-DA9F29A9C67E,F,1/1/1963,100,3830,4
FA40213C-A2F5-4D28-B163-A67AE2D6150F,M,1/1/1973,0,3824,5
FA40213C-A2F5-4D28-B163-A67AE2D6150F,M,1/1/1973,3,3825,4
FA40213C-A2F5-4D28-B163-A67AE2D6150F,M,1/1/1973,100,3826,5
FA40213C-A2F5-4D28-B163-A67AE2D6150F,M,1/1/1973,100,3827,2
FA1581BD-6D1D-43C7-8516-DC334C33F0AB,M,1/1/1989,5,3823,5
F9C27F47-F521-4598-8883-0C0F8D73DE88,M,1/1/1985,100,3819,2
F9C27F47-F521-4598-8883-0C0F8D73DE88,M,1/1/1985,100,3820,5
F9C27F47-F521-4598-8883-0C0F8D73DE88,M,1/1/1985,1,3821,4
F9C27F47-F521-4598-8883-0C0F8D73DE88,M,1/1/1985,100,3822,4
F9A47A59-9384-4409-B44E-AA06B4B22A5E,M,1/1/1971,100,3818,4
F962CF28-6132-48E0-BDF4-A21950A2C3B1,M,1/1/1973,0,3816,5
F962CF28-6132-48E0-BDF4-A21950A2C3B1,M,1/1/1973,98,3817,5
F9617FA2-8B1A-4A13-9CFD-89DED28DD5FA,M,1/1/1959,30,3815,5
F952C0BD-D33B-4BE2-9259-945269C6A642,M,1/1/1964,100,3813,4
F952C0BD-D33B-4BE2-9259-945269C6A642,M,1/1/1964,100,3814,5
F90B108D-D7A8-4414-851A-466B8C760BA9,M,1/1/1989,99,3812,4
F8F9B01A-9430-41AD-8B5A-DBF8AB677A5D,M,1/1/1968,100,3810,5
F8F9B01A-9430-41AD-8B5A-DBF8AB677A5D,M,1/1/1968,100,3811,5
F8F4EE7C-DAA9-4E63-B0C3-88ABC395CB9B,M,1/1/1989,100,3809,4
F8EF01DE-BC9A-4810-8C54-DD86116CAA59,M,1/1/1958,99,3808,4
F8D58E17-28A2-4051-B472-6F28675794D8,M,1/1/1971,100,3806,5
F8D58E17-28A2-4051-B472-6F28675794D8,M,1/1/1971,100,3807,5
F8CC5F3D-AE8E-4CB1-B27C-1FB8AB21F263,M,1/1/1989,27,3805,4
F853337F-CC75-47D4-8C09-19F320B985F9,M,1/1/1992,53,3804,4
F82EF7FF-BD59-43B3-A063-37DC6B8AFF6D,F,1/1/1976,100,3801,4
F82EF7FF-BD59-43B3-A063-37DC6B8AFF6D,F,1/1/1976,100,3802,5
F82EF7FF-BD59-43B3-A063-37DC6B8AFF6D,F,1/1/1976,1,3803,3
F7F71177-099F-4835-BF75-5F2A0AA343A3,M,1/1/1980,100,3799,5
F7F71177-099F-4835-BF75-5F2A0AA343A3,M,1/1/1980,100,3800,5
F7F398E4-4184-4B2F-ACCC-9D1103E2436A,F,1/1/1971,100,3798,5
F7D0377A-0830-4305-9116-A86AFC172FBA,M,1/1/1969,73,3792,4
F7D0377A-0830-4305-9116-A86AFC172FBA,M,1/1/1969,100,3793,4
F7D0377A-0830-4305-9116-A86AFC172FBA,M,1/1/1969,3,3794,5
F7D0377A-0830-4305-9116-A86AFC172FBA,M,1/1/1969,14,3795,5
F7D0377A-0830-4305-9116-A86AFC172FBA,M,1/1/1969,32,3796,5
F7D0377A-0830-4305-9116-A86AFC172FBA,M,1/1/1969,100,3797,5
F7C4BB2B-7EF5-4D36-84F6-25BCD418EAC3,M,1/1/1967,0,3791,3
F7993FCA-56D5-4158-973D-C415E79FF392,M,1/1/1978,100,3789,4
F7993FCA-56D5-4158-973D-C415E79FF392,M,1/1/1978,100,3790,5
F76F2B17-C4D1-49AE-8750-C2113949B405,M,1/1/1979,100,3787,5
F76F2B17-C4D1-49AE-8750-C2113949B405,M,1/1/1979,100,3788,5
F7614E93-40D7-4F81-BB16-35A577A7D8E5,M,1/1/1973,90,3786,5
F7265E77-EB29-4E8B-90F7-C2CDB0FF46A3,M,1/1/1971,100,3784,4
F7265E77-EB29-4E8B-90F7-C2CDB0FF46A3,M,1/1/1971,99,3785,5
F6CAD652-E2FC-42BA-A920-3B9974CAFDB3,M,1/1/1966,100,3783,5
F68C2353-ADA6-4B54-B992-2431C4879AA8,M,1/1/1983,1,3782,5
F67E6FB2-3DA6-4809-9029-6D6520F77CF2,M,1/1/1976,75,3780,4
F67E6FB2-3DA6-4809-9029-6D6520F77CF2,M,1/1/1976,93,3781,4
F643C936-AE5A-4764-8276-7C7341BAEE8E,F,1/1/1972,89,3778,5
F643C936-AE5A-4764-8276-7C7341BAEE8E,F,1/1/1972,72,3779,5
F6020207-3AE0-4730-A8D6-F94212DA06E0,M,1/1/1938,0,3776,5
F6020207-3AE0-4730-A8D6-F94212DA06E0,M,1/1/1938,0,3777,5
F5B76806-AC68-44AD-A057-60EA0F0818E9,M,1/1/1972,100,3774,5
F5B76806-AC68-44AD-A057-60EA0F0818E9,M,1/1/1972,100,3775,4
F5A421E9-8FA6-42FE-ABCC-359422EE6462,M,1/1/1973,100,3773,5
F581055D-532D-47FC-AB6E-CA4A751BC3E4,M,1/1/1973,100,3771,5
F581055D-532D-47FC-AB6E-CA4A751BC3E4,M,1/1/1973,24,3772,5
F5550753-41DC-4620-8675-9157E1C83B56,F,1/1/1978,100,3769,4
F5550753-41DC-4620-8675-9157E1C83B56,F,1/1/1978,100,3770,5
F514299A-CFA7-45F6-A89B-B5E13F6E6547,M,1/1/1974,58,3767,4
F514299A-CFA7-45F6-A89B-B5E13F6E6547,M,1/1/1974,100,3768,5
F513199C-D0F4-4A77-BE88-F135129F8ED2,M,1/1/1977,100,3759,5
F513199C-D0F4-4A77-BE88-F135129F8ED2,M,1/1/1977,100,3760,5
F513199C-D0F4-4A77-BE88-F135129F8ED2,M,1/1/1977,100,3761,5
F513199C-D0F4-4A77-BE88-F135129F8ED2,M,1/1/1977,100,3762,5
F513199C-D0F4-4A77-BE88-F135129F8ED2,M,1/1/1977,100,3763,5
F513199C-D0F4-4A77-BE88-F135129F8ED2,M,1/1/1977,100,3764,5
F513199C-D0F4-4A77-BE88-F135129F8ED2,M,1/1/1977,100,3765,1
F513199C-D0F4-4A77-BE88-F135129F8ED2,M,1/1/1977,100,3766,2
F4D444E2-3ED8-41E8-BAFA-48595D90B978,M,1/1/1978,100,3754,5
F4D444E2-3ED8-41E8-BAFA-48595D90B978,M,1/1/1978,100,3755,4
F4D444E2-3ED8-41E8-BAFA-48595D90B978,M,1/1/1978,100,3756,4
F4D444E2-3ED8-41E8-BAFA-48595D90B978,M,1/1/1978,100,3757,4
F4D444E2-3ED8-41E8-BAFA-48595D90B978,M,1/1/1978,100,3758,4
F4D24361-1BA1-49CE-999D-8AFD52DB0831,M,1/1/1969,100,3752,4
F4D24361-1BA1-49CE-999D-8AFD52DB0831,M,1/1/1969,100,3753,4
F4BEC66C-468A-4F4C-B342-2DCDF42FC710,M,1/1/1970,81,3751,5
F48ED6A3-B6FF-4B15-B226-EECEDACC9E60,M,1/1/1976,100,3749,5
F48ED6A3-B6FF-4B15-B226-EECEDACC9E60,M,1/1/1976,99,3750,5
F4257142-5966-493D-9FEE-C19C9C196797,M,1/1/1965,100,3748,5
F414615D-25FA-4BDF-93BA-08DD022ED062,M,1/1/1997,100,3745,5
F414615D-25FA-4BDF-93BA-08DD022ED062,M,1/1/1997,100,3746,5
F414615D-25FA-4BDF-93BA-08DD022ED062,M,1/1/1997,100,3747,4
F40C790B-615F-4431-836D-4EF5973233D9,M,1/1/1991,100,3744,4
F406C97E-0F99-44EC-B966-3839F4A14845,M,1/1/1957,100,3743,5
F3D82C96-5F77-478E-8715-6A40D9390FED,M,1/1/1980,1,3741,5
F3D82C96-5F77-478E-8715-6A40D9390FED,M,1/1/1980,100,3742,5
F3B8EE19-67B5-4606-A15E-2B50387F0884,M,1/1/1978,64,3739,4
F3B8EE19-67B5-4606-A15E-2B50387F0884,M,1/1/1978,100,3740,5
F39304C3-5306-4D82-AC1F-9B27924EC40F,M,1/1/1972,34,3738,2
F38FCA22-9FF9-4B8B-8B6A-ECDCCDD45F09,M,1/1/1986,64,3737,4
F37D7B86-F1F1-49C5-AC0C-D04DD993BD2B,M,1/1/1982,100,3736,4
F35FE7FF-AD5B-4C9A-98E0-0185214D8334,M,1/1/1980,96,3734,5
F35FE7FF-AD5B-4C9A-98E0-0185214D8334,M,1/1/1980,86,3735,5
F3529C7E-9618-438D-BD83-5F1968A17637,M,1/1/1984,53,3733,4
F34F31A9-5BA8-47ED-9971-3C3255FED884,M,1/1/1997,91,3731,5
F34F31A9-5BA8-47ED-9971-3C3255FED884,M,1/1/1997,87,3732,5
F32C5974-1349-4690-A2C7-E68831888B60,M,1/1/1982,29,3728,5
F32C5974-1349-4690-A2C7-E68831888B60,M,1/1/1982,20,3729,4
F32C5974-1349-4690-A2C7-E68831888B60,M,1/1/1982,97,3730,5
F319A2D9-7A43-4D7B-B2EE-E61AAC9596B0,M,1/1/1987,100,3727,5
F311BB14-35C3-464A-BBC8-9C66889FE13F,M,1/1/1958,100,3725,5
F311BB14-35C3-464A-BBC8-9C66889FE13F,M,1/1/1958,100,3726,5
F2BAEECE-D845-417F-A42E-92E25184D724,M,1/1/1970,100,3723,5
F2BAEECE-D845-417F-A42E-92E25184D724,M,1/1/1970,51,3724,4
F2A33272-17C3-48FE-A448-630AFEE0E60D,F,1/1/1973,96,3722,1
F27DE703-23B5-4C31-B5C1-7F51C821961B,M,1/1/1982,20,3720,5
F27DE703-23B5-4C31-B5C1-7F51C821961B,M,1/1/1982,0,3721,5
F2529817-7399-4972-98EB-18B926E751BF,M,1/1/1970,100,3719,5
F23656EA-FDCF-40DD-B54C-FA3F18973C1B,M,1/1/1961,100,3717,4
F23656EA-FDCF-40DD-B54C-FA3F18973C1B,M,1/1/1961,97,3718,5
F234DE4C-F576-4B86-8A3E-9866D761BE6E,M,1/1/1977,100,3713,4
F234DE4C-F576-4B86-8A3E-9866D761BE6E,M,1/1/1977,100,3714,4
F234DE4C-F576-4B86-8A3E-9866D761BE6E,M,1/1/1977,97,3715,5
F234DE4C-F576-4B86-8A3E-9866D761BE6E,M,1/1/1977,100,3716,5
F22C11B0-333C-4412-82A3-DCE671455C5E,M,1/1/1989,11,3709,5
F22C11B0-333C-4412-82A3-DCE671455C5E,M,1/1/1989,33,3710,5
F22C11B0-333C-4412-82A3-DCE671455C5E,M,1/1/1989,1,3711,5
F22C11B0-333C-4412-82A3-DCE671455C5E,M,1/1/1989,45,3712,5
F1B5DD92-E4A4-4D01-A292-E297DA0885E9,M,1/1/1985,100,3708,2
F1A0D261-8896-4E72-A7E1-8D62821EA51C,M,1/1/1982,100,3707,4
F197E87E-9F4E-4FA1-A8E4-1D7AFFB008F9,M,1/1/1965,100,3703,4
F197E87E-9F4E-4FA1-A8E4-1D7AFFB008F9,M,1/1/1965,100,3704,4
F197E87E-9F4E-4FA1-A8E4-1D7AFFB008F9,M,1/1/1965,100,3705,4
F197E87E-9F4E-4FA1-A8E4-1D7AFFB008F9,M,1/1/1965,100,3706,4
F18AAC3E-5598-4149-BA06-8312AF4F5081,M,1/1/1974,97,3702,5
F1656DA8-B670-4864-ADC9-31A6CF68821F,M,1/1/1982,12,3701,5
F153ECBB-2E22-47C2-9174-8672A7BAD1F5,M,1/1/1975,99,3698,5
F153ECBB-2E22-47C2-9174-8672A7BAD1F5,M,1/1/1975,100,3699,5
F153ECBB-2E22-47C2-9174-8672A7BAD1F5,M,1/1/1975,100,3700,4
F133B748-F648-44DA-931D-2E4C9BEC9C5D,M,1/1/1967,100,3697,4
F12A6E04-D3F9-45DA-AB0F-B7E7839665D9,M,1/1/1971,2,3695,5
F12A6E04-D3F9-45DA-AB0F-B7E7839665D9,M,1/1/1971,100,3696,5
F1289CEC-B639-4BDF-845C-7F01D39FE9CA,M,1/1/1979,100,3694,4
F0FF05B9-37E9-45C6-AA13-06BBAD0D9B46,M,1/1/1970,98,3691,5
F0FF05B9-37E9-45C6-AA13-06BBAD0D9B46,M,1/1/1970,100,3692,5
F0FF05B9-37E9-45C6-AA13-06BBAD0D9B46,M,1/1/1970,100,3693,5
F0E78F97-4DC5-4533-997B-C46F6DBEEA13,M,1/1/1993,49,3690,4
F0E4350C-B0B0-46D6-8178-ABC2D935D8A8,M,1/1/1972,2,3689,5
F0DC62E2-3138-40EC-B6C3-D594FA555FBA,M,1/1/1970,100,3688,5
F0D6CD7A-27E7-42D6-B03C-473069C77506,M,1/1/1984,100,3687,5
F0B3CBDD-47D1-46B9-B36B-777E7DC69AD6,M,1/1/1972,0,3686,5
F0A53E3C-1F25-4154-9AF0-50918E3C2875,M,1/1/1969,38,3677,4
F0A53E3C-1F25-4154-9AF0-50918E3C2875,M,1/1/1969,92,3678,4
F0A53E3C-1F25-4154-9AF0-50918E3C2875,M,1/1/1969,31,3679,4
F0A53E3C-1F25-4154-9AF0-50918E3C2875,M,1/1/1969,100,3680,4
F0A53E3C-1F25-4154-9AF0-50918E3C2875,M,1/1/1969,58,3681,5
F0A53E3C-1F25-4154-9AF0-50918E3C2875,M,1/1/1969,99,3682,4
F0A53E3C-1F25-4154-9AF0-50918E3C2875,M,1/1/1969,97,3683,4
F0A53E3C-1F25-4154-9AF0-50918E3C2875,M,1/1/1969,76,3684,4
F0A53E3C-1F25-4154-9AF0-50918E3C2875,M,1/1/1969,95,3685,4
F059BE99-99E6-42DC-8017-AC757C0B7C08,F,1/1/1986,63,3676,4
F054B754-3E50-4C26-BC50-4FDB77D8C298,M,1/1/1983,100,3675,5
F050614D-A9CC-4839-B630-FA970915C68C,M,1/1/1986,100,3673,3
F050614D-A9CC-4839-B630-FA970915C68C,M,1/1/1986,100,3674,4
F048364A-A867-4E0C-B099-0CFED1ABF525,M,1/1/1969,100,3671,5
F048364A-A867-4E0C-B099-0CFED1ABF525,M,1/1/1969,100,3672,5
F00E66AB-D181-4020-AA9A-45AD2F7B788B,M,1/1/1982,100,3668,5
F00E66AB-D181-4020-AA9A-45AD2F7B788B,M,1/1/1982,42,3669,5
F00E66AB-D181-4020-AA9A-45AD2F7B788B,M,1/1/1982,100,3670,5
F0090DD3-8929-4DF4-A887-52A14BA0E840,M,1/1/1978,100,3667,5
EFE2BCE3-30CB-4110-9321-FFD018675546,M,1/1/1972,100,3666,5
EFD8FC0F-BEC3-4E05-A685-E90BCA7E9A8F,M,1/1/1955,81,3665,4
EFD4A31D-9D01-4CE5-8F7A-79876188CF11,M,1/1/1979,100,3664,4
EFCDC182-CA5D-43CD-99C2-1F35232CDBE6,M,1/1/1934,100,3663,4
EFAB9A7D-5CE8-400C-A397-2DF5AF30E60F,M,1/1/1971,78,3662,5
EF4B7CF0-FC1F-46A0-9A7F-5BB241D1054F,M,1/1/1975,100,3660,4
EF4B7CF0-FC1F-46A0-9A7F-5BB241D1054F,M,1/1/1975,100,3661,4
EF3DFDE9-CB38-4758-BBAE-9DF6352B0D44,M,1/1/1971,0,3659,5
EF27A3B0-E05F-4772-9E73-5B2FF9EE0A61,M,1/1/1977,100,3658,5
EF1A0E3E-54AB-4D34-8AE8-CE3571918078,M,1/1/1991,98,3657,5
EED86165-3120-4C16-9A8A-0FB8C0550F24,M,1/1/1992,96,3656,4
EEC2D691-8E75-4F73-BF49-F5717FCB86CF,M,1/1/1976,100,3654,5
EEC2D691-8E75-4F73-BF49-F5717FCB86CF,M,1/1/1976,14,3655,1
EEB4C01F-7957-4A12-8858-E4D29A52E125,M,1/1/1975,98,3652,5
EEB4C01F-7957-4A12-8858-E4D29A52E125,M,1/1/1975,100,3653,4
EEA6479E-19B9-4A2A-9512-26F59230FCA8,M,1/1/1966,100,3650,5
EEA6479E-19B9-4A2A-9512-26F59230FCA8,M,1/1/1966,100,3651,5
EE949E12-A233-4901-B98A-2A30FDED18B2,F,1/1/1966,100,3648,1
EE949E12-A233-4901-B98A-2A30FDED18B2,F,1/1/1966,21,3649,1
EE759B66-F484-4223-BD2F-0A7E95831E49,F,1/1/1973,100,3647,4
EE6C19F6-975D-4604-A280-2DC2662802F2,M,1/1/1967,100,3643,4
EE6C19F6-975D-4604-A280-2DC2662802F2,M,1/1/1967,100,3644,5
EE6C19F6-975D-4604-A280-2DC2662802F2,M,1/1/1967,99,3645,5
EE6C19F6-975D-4604-A280-2DC2662802F2,M,1/1/1967,0,3646,5
EE3B947C-8678-4714-A5F6-BFE85A064BDF,M,1/1/1983,100,3642,4
EE2DF859-4749-48D6-A848-A58DFCE6AC7A,M,1/1/1973,100,3641,5
EE22649A-75C0-414E-8D79-AFB2B22E8BA1,M,1/1/1970,100,3640,5
EE06F29F-0990-4D1B-AF8F-80C335601987,F,1/1/1979,1,3639,4
EDFBA977-4D69-4DA0-B1FC-BBCC3377A1B3,M,1/1/1973,25,3638,5
EDF3EBA6-9373-44B3-8FBC-B488C6C100A7,F,1/1/1978,1,3637,5
EDBECB63-3A63-4DA4-9CB5-B1CE9E075931,M,1/1/1979,79,3635,5
EDBECB63-3A63-4DA4-9CB5-B1CE9E075931,M,1/1/1979,2,3636,5
ED886D8B-AF0B-4260-829A-409B824FAF4E,M,1/1/1993,95,3634,5
ED65B426-E0D2-4386-910F-2327900B1F7E,M,1/1/1977,55,3633,5
ED5D3978-CC35-4AB3-8188-3748D9D696F0,M,1/1/1978,96,3632,5
ED19F218-EC0D-4780-A3A7-9EAEF8D92D70,M,1/1/1975,100,3630,4
ED19F218-EC0D-4780-A3A7-9EAEF8D92D70,M,1/1/1975,100,3631,5
ED0D3E8E-F4B0-4FDA-96B8-175D6019970F,M,1/1/1961,100,3625,5
ED0D3E8E-F4B0-4FDA-96B8-175D6019970F,M,1/1/1961,100,3626,5
ED0D3E8E-F4B0-4FDA-96B8-175D6019970F,M,1/1/1961,72,3627,3
ED0D3E8E-F4B0-4FDA-96B8-175D6019970F,M,1/1/1961,100,3628,3
ED0D3E8E-F4B0-4FDA-96B8-175D6019970F,M,1/1/1961,74,3629,5
ED0D1EC6-F22C-4F14-AC9D-2B040CAABD0A,M,1/1/1973,34,3624,5
ECF1323D-E91A-4923-A4D2-FC9FAB8BA746,M,1/1/1982,100,3623,5
ECEEED0E-38FF-4548-A873-9C19E11FE89A,M,1/1/1993,100,3622,4
ECAB02B8-9993-49A8-9128-2DF2CC00BF3F,M,1/1/1992,100,3621,5
ECA24EBC-02E1-4420-A537-DBD5405371AD,M,1/1/1974,100,3617,1
ECA24EBC-02E1-4420-A537-DBD5405371AD,M,1/1/1974,100,3618,1
ECA24EBC-02E1-4420-A537-DBD5405371AD,M,1/1/1974,100,3619,1
ECA24EBC-02E1-4420-A537-DBD5405371AD,M,1/1/1974,100,3620,5
EC6D86C1-FA19-471F-BF74-9519A6675A5C,F,1/1/1967,87,3616,5
EC25C5D5-1614-42A6-8934-B6E6EE01D282,M,1/1/1964,100,3614,4
EC25C5D5-1614-42A6-8934-B6E6EE01D282,M,1/1/1964,97,3615,4
EBCD0BDA-E6DA-463F-B0C9-178F0CAB4AA6,M,1/1/1977,100,3612,4
EBCD0BDA-E6DA-463F-B0C9-178F0CAB4AA6,M,1/1/1977,100,3613,5
EBBE36B2-ED68-4CD1-8933-0F99F575BA08,M,1/1/1994,100,3611,5
EB45BC9F-6DA1-49D6-84BF-551B32ED7725,M,1/1/1969,46,3609,1
EB45BC9F-6DA1-49D6-84BF-551B32ED7725,M,1/1/1969,99,3610,5
EB3EDDC5-20DE-4984-8F5D-7E76D194AB75,M,1/1/1975,99,3607,1
EB3EDDC5-20DE-4984-8F5D-7E76D194AB75,M,1/1/1975,91,3608,1
EB24E595-FDB4-44F3-AB0B-056A47347BA1,M,1/1/1993,78,3606,5
EB03CC9B-A77E-43D6-B030-3393C27F026B,M,1/1/1968,99,3605,4
EAD07528-646B-448B-843C-F13B0060EED9,M,1/1/1984,13,3604,4
EAA5C3D9-F8E8-4C46-8800-DB68AC6F93DD,M,1/1/1986,52,3603,5
EA8DFD23-C24B-4907-83D0-D5B463C5028A,M,1/1/1967,1,3601,5
EA8DFD23-C24B-4907-83D0-D5B463C5028A,M,1/1/1967,1,3602,5
EA4D26AD-0E8B-4666-ABFB-2D29F80BADEF,M,1/1/1990,9,3598,5
EA4D26AD-0E8B-4666-ABFB-2D29F80BADEF,M,1/1/1990,20,3599,5
EA4D26AD-0E8B-4666-ABFB-2D29F80BADEF,M,1/1/1990,100,3600,4
EA21BD45-E7DE-4E9B-8FB3-001DD0AD668C,M,1/1/1982,98,3597,5
EA1DAAB0-7977-4976-B77E-E1A03AFBCC42,M,1/1/1972,66,3594,1
EA1DAAB0-7977-4976-B77E-E1A03AFBCC42,M,1/1/1972,2,3595,5
EA1DAAB0-7977-4976-B77E-E1A03AFBCC42,M,1/1/1972,0,3596,1
EA1CA6DE-398F-4914-BEA1-ED0136840E96,M,1/1/1985,100,3593,2
EA14A8FF-87F2-463F-A6E1-8B2CA439D3D8,F,1/1/1973,100,3592,5
E995FB0D-4DC8-4C1F-AE0E-838BCAFE1494,M,1/1/1971,100,3591,5
E993FDA2-7D05-41F3-AECD-1CED0E44117C,M,1/1/1967,100,3590,5
E9933CD0-7AA8-45EC-B092-2E0DA7EB92F5,F,1/1/1973,70,3589,5
E9831DF6-2515-4CF7-959A-F5C018B755DD,M,1/1/1992,100,3586,5
E9831DF6-2515-4CF7-959A-F5C018B755DD,M,1/1/1992,100,3587,5
E9831DF6-2515-4CF7-959A-F5C018B755DD,M,1/1/1992,90,3588,5
E97E3349-99DA-4B99-81F3-618D412FD70A,M,1/1/1973,100,3581,5
E97E3349-99DA-4B99-81F3-618D412FD70A,M,1/1/1973,100,3582,5
E97E3349-99DA-4B99-81F3-618D412FD70A,M,1/1/1973,100,3583,5
E97E3349-99DA-4B99-81F3-618D412FD70A,M,1/1/1973,100,3584,5
E97E3349-99DA-4B99-81F3-618D412FD70A,M,1/1/1973,100,3585,5
E97C3CF8-D8D5-45EA-8994-2AF4482AF77D,M,1/1/1979,100,3580,4
E951FDE7-964E-4794-BB61-C19C4A945C2D,M,1/1/1994,59,3579,5
E9364B55-EF28-4711-ADE2-1B945765849F,F,1/1/1972,100,3576,4
E9364B55-EF28-4711-ADE2-1B945765849F,F,1/1/1972,100,3577,4
E9364B55-EF28-4711-ADE2-1B945765849F,F,1/1/1972,100,3578,4
E92B039C-5DA6-4BA7-B6DE-10E868CE2B15,M,1/1/1980,68,3573,5
E92B039C-5DA6-4BA7-B6DE-10E868CE2B15,M,1/1/1980,100,3574,5
E92B039C-5DA6-4BA7-B6DE-10E868CE2B15,M,1/1/1980,89,3575,5
E8E38873-AA13-497C-948E-55368D25DE08,M,1/1/1972,94,3572,4
E8DCD9DD-AF2B-4DF1-A33A-E7B8B09BAB90,M,1/1/1969,10,3571,5
E8AB6226-5144-422D-946C-7F3648D7156B,M,1/1/1969,75,3570,5
E8AA2699-4E01-4C12-9963-C7C29D37CDC2,M,1/1/1973,100,3568,5
E8AA2699-4E01-4C12-9963-C7C29D37CDC2,M,1/1/1973,0,3569,5
E8632E18-FF8C-4C4D-9F8A-4F504A335521,M,1/1/1967,0,3566,3
E8632E18-FF8C-4C4D-9F8A-4F504A335521,M,1/1/1967,100,3567,5
E850CE68-31D9-4D59-A90F-8A7C14857ADE,M,1/1/1983,1,3564,5
E850CE68-31D9-4D59-A90F-8A7C14857ADE,M,1/1/1983,47,3565,5
E82F0793-E6CB-490E-9218-9C5FCBC6E98E,M,1/1/1970,100,3563,4
E8207474-58AA-43C6-A8B5-5C190755AC92,F,1/1/1956,72,3558,4
E8207474-58AA-43C6-A8B5-5C190755AC92,F,1/1/1956,60,3559,4
E8207474-58AA-43C6-A8B5-5C190755AC92,F,1/1/1956,99,3560,4
E8207474-58AA-43C6-A8B5-5C190755AC92,F,1/1/1956,99,3561,4
E8207474-58AA-43C6-A8B5-5C190755AC92,F,1/1/1956,100,3562,4
E81A94A8-4B0C-4D3C-92A4-EBFD789B5965,M,1/1/1949,2,3557,5
E7D6BF58-D0B0-4CB5-A055-C5AF82511A0C,M,1/1/1979,100,3556,5
E7A3ADCD-D5FF-4B0E-BD89-1E3FCC4DF624,M,1/1/1986,92,3555,4
E78C783C-431A-4606-9F6F-249BC95BD68C,M,1/1/1990,68,3554,4
E75087EB-F5CC-477F-8448-BA7DCAE2C4D7,M,1/1/1970,69,3547,5
E75087EB-F5CC-477F-8448-BA7DCAE2C4D7,M,1/1/1970,57,3548,5
E75087EB-F5CC-477F-8448-BA7DCAE2C4D7,M,1/1/1970,100,3549,1
E75087EB-F5CC-477F-8448-BA7DCAE2C4D7,M,1/1/1970,76,3550,2
E75087EB-F5CC-477F-8448-BA7DCAE2C4D7,M,1/1/1970,100,3551,1
E75087EB-F5CC-477F-8448-BA7DCAE2C4D7,M,1/1/1970,100,3552,5
E75087EB-F5CC-477F-8448-BA7DCAE2C4D7,M,1/1/1970,100,3553,5
E72829F4-47C2-4202-B03B-65326807FAD9,M,1/1/1972,33,3546,5
E6FFB11F-144E-4057-A00D-018ADB209AEB,M,1/1/1994,93,3545,5
E6DE0B8F-8C44-4C7F-B449-FFB1A42161BC,M,1/1/1977,100,3541,5
E6DE0B8F-8C44-4C7F-B449-FFB1A42161BC,M,1/1/1977,100,3542,2
E6DE0B8F-8C44-4C7F-B449-FFB1A42161BC,M,1/1/1977,100,3543,5
E6DE0B8F-8C44-4C7F-B449-FFB1A42161BC,M,1/1/1977,100,3544,4
E6D7B1D2-1D8E-4C00-BAE1-7644CF31544F,M,1/1/1985,33,3540,5
E6CC46A8-4BCF-47C4-8574-F88CC4B9F97B,M,1/1/1992,100,3537,5
E6CC46A8-4BCF-47C4-8574-F88CC4B9F97B,M,1/1/1992,100,3538,5
E6CC46A8-4BCF-47C4-8574-F88CC4B9F97B,M,1/1/1992,100,3539,1
E65E3EBC-2A2B-46E2-BFE0-C289F711338E,M,1/1/1970,100,3535,5
E65E3EBC-2A2B-46E2-BFE0-C289F711338E,M,1/1/1970,87,3536,5
E645F43C-4BEB-4F6F-95B6-0082DFB78809,M,1/1/1970,100,3533,5
E645F43C-4BEB-4F6F-95B6-0082DFB78809,M,1/1/1970,100,3534,5
E5C2B6B3-E4DC-43A3-8EEA-550EF129CE29,F,1/1/1958,100,3529,1
E5C2B6B3-E4DC-43A3-8EEA-550EF129CE29,F,1/1/1958,100,3530,2
E5C2B6B3-E4DC-43A3-8EEA-550EF129CE29,F,1/1/1958,100,3531,1
E5C2B6B3-E4DC-43A3-8EEA-550EF129CE29,F,1/1/1958,100,3532,5
E59840C7-3AB6-43EF-B80C-1AA4F1F7E484,M,1/1/1956,100,3528,3
E58D47A3-0C30-4616-93FA-89D845842EAA,F,1/1/1964,100,3522,5
E58D47A3-0C30-4616-93FA-89D845842EAA,F,1/1/1964,100,3523,5
E58D47A3-0C30-4616-93FA-89D845842EAA,F,1/1/1964,100,3524,5
E58D47A3-0C30-4616-93FA-89D845842EAA,F,1/1/1964,100,3525,4
E58D47A3-0C30-4616-93FA-89D845842EAA,F,1/1/1964,100,3526,4
E58D47A3-0C30-4616-93FA-89D845842EAA,F,1/1/1964,99,3527,5
E56A303F-0783-4935-AC5A-332A19D37646,M,1/1/1982,96,3519,5
E56A303F-0783-4935-AC5A-332A19D37646,M,1/1/1982,96,3520,5
E56A303F-0783-4935-AC5A-332A19D37646,M,1/1/1982,92,3521,5
E550A7E4-E252-4070-9AAD-AD89E25D4F12,M,1/1/1990,94,3517,5
E550A7E4-E252-4070-9AAD-AD89E25D4F12,M,1/1/1990,78,3518,5
E53790CE-0A30-418E-B1F0-54964583E5CC,F,1/1/1975,6,3514,4
E53790CE-0A30-418E-B1F0-54964583E5CC,F,1/1/1975,100,3515,4
E53790CE-0A30-418E-B1F0-54964583E5CC,F,1/1/1975,100,3516,5
E51D8868-93D7-4C28-AD1B-648D6632F337,M,1/1/1973,100,3513,4
E510E8D7-CF42-4D0E-9316-82F9E7D5096E,M,1/1/1974,63,3512,5
E50563A8-B9C5-4F8D-9313-B1F738D91774,M,1/1/1982,100,3509,5
E50563A8-B9C5-4F8D-9313-B1F738D91774,M,1/1/1982,100,3510,5
E50563A8-B9C5-4F8D-9313-B1F738D91774,M,1/1/1982,5,3511,5
E4274960-7769-4865-A9BE-F834E0F45C94,M,1/1/1979,100,3508,4
E4075617-418C-44F3-A238-00B463B818A2,M,1/1/1968,100,3507,5
E3FBE243-6E4A-4AF3-9182-43000AA02D5F,M,1/1/1938,100,3506,5
E3F81AEC-F157-48E0-BB75-4E7C965AF332,F,1/1/1943,100,3505,4
E3E85073-83A8-4D8B-AC54-0B5A9A87CEF1,M,1/1/1967,100,3503,5
E3E85073-83A8-4D8B-AC54-0B5A9A87CEF1,M,1/1/1967,96,3504,4
E3E65CAE-62C7-4FA2-AE99-698238D06B5A,M,1/1/1964,100,3501,5
E3E65CAE-62C7-4FA2-AE99-698238D06B5A,M,1/1/1964,100,3502,2
E3E56789-5085-4816-85ED-B85D0553AA61,M,1/1/1987,8,3498,4
E3E56789-5085-4816-85ED-B85D0553AA61,M,1/1/1987,0,3499,5
E3E56789-5085-4816-85ED-B85D0553AA61,M,1/1/1987,100,3500,5
E3D214B8-43A3-49A2-8CB0-C6ADAF23267C,M,1/1/1971,100,3497,5
E3CE6521-0BC1-4BDF-913A-9006DE7243AC,M,1/1/1987,56,3496,5
E3B78CDE-F8E1-417A-82D4-2DA7A22FC211,M,1/1/1975,19,3494,4
E3B78CDE-F8E1-417A-82D4-2DA7A22FC211,M,1/1/1975,100,3495,5
E3ACF34D-79F5-4F5B-B219-D4DAA108D653,M,1/1/1977,100,3493,5
E3A666A8-12D6-47CB-A3C6-1E55C872E4BF,M,1/1/1964,3,3489,5
E3A666A8-12D6-47CB-A3C6-1E55C872E4BF,M,1/1/1964,2,3490,5
E3A666A8-12D6-47CB-A3C6-1E55C872E4BF,M,1/1/1964,20,3491,5
E363A014-FBA4-4CC2-9724-C8944CC81FDB,M,1/1/1993,100,3484,5
E363A014-FBA4-4CC2-9724-C8944CC81FDB,M,1/1/1993,100,3485,3
E363A014-FBA4-4CC2-9724-C8944CC81FDB,M,1/1/1993,100,3486,5
E363A014-FBA4-4CC2-9724-C8944CC81FDB,M,1/1/1993,100,3487,5
E363A014-FBA4-4CC2-9724-C8944CC81FDB,M,1/1/1993,85,3488,4
E344FF8E-DC0E-4063-A30C-0C12494355A9,M,1/1/1968,100,3483,4
E33C913E-2BA8-4D20-B078-D96ACBDFEB6E,M,1/1/1981,100,3482,4
E2E3D516-8514-4B73-8B6F-E0E82BB28B9B,F,1/1/1965,57,3481,5
E2DA6E71-248E-4237-81FE-585A4B6B0B88,M,1/1/1967,94,3477,4
E2DA6E71-248E-4237-81FE-585A4B6B0B88,M,1/1/1967,97,3478,5
E2DA6E71-248E-4237-81FE-585A4B6B0B88,M,1/1/1967,94,3479,5
E2DA6E71-248E-4237-81FE-585A4B6B0B88,M,1/1/1967,96,3480,5
E2C08676-F3C0-4725-9E20-60F64432ACDE,F,1/1/1980,100,3475,5
E2C08676-F3C0-4725-9E20-60F64432ACDE,F,1/1/1980,100,3476,5
E2BE3E5B-1000-49C4-AFEC-9E2A42CCCD01,M,1/1/1990,100,3474,4
E2A33446-0A01-4123-965D-27A637CFAA23,M,1/1/1973,22,3473,4
E286F52F-18AD-43B1-908F-20856AD21930,M,1/1/1977,2,3472,1
E24D5F0A-EAE0-4130-A3E2-128EBE2DF84F,M,1/1/1979,100,3470,5
E24D5F0A-EAE0-4130-A3E2-128EBE2DF84F,M,1/1/1979,66,3471,5
E2368528-F65C-4FC2-ADC2-3D7EBB6C48F1,F,1/1/1951,100,3469,5
E20D3B48-1DC4-4E17-8315-283BA91DE15A,M,1/1/1986,100,3468,5
E1ED7588-B180-443F-8DA9-382C33725CBF,M,1/1/1970,54,3463,2
E1ED7588-B180-443F-8DA9-382C33725CBF,M,1/1/1970,25,3464,5
E1ED7588-B180-443F-8DA9-382C33725CBF,M,1/1/1970,100,3465,5
E1ED7588-B180-443F-8DA9-382C33725CBF,M,1/1/1970,100,3466,5
E1ED7588-B180-443F-8DA9-382C33725CBF,M,1/1/1970,0,3467,5
E1EA6A70-42B0-469A-9FB1-745B807B0348,M,1/1/1962,100,3462,5
E1B9391F-FDF8-47E1-B2CE-0E5B5AC29E67,M,1/1/1971,100,3461,5
E17E6E0E-28E2-4D79-B70D-E4615F0B3988,M,1/1/1994,100,3460,1
E17E6890-A415-4FDF-8EC1-52E9A850CB83,F,1/1/1972,100,3459,5
E1797C6B-9ECA-4F29-9266-5B917F0072EF,F,1/1/1961,100,3457,5
E1797C6B-9ECA-4F29-9266-5B917F0072EF,F,1/1/1961,100,3458,5
E14C3248-5E6F-43EE-899E-132DC017E8BC,M,1/1/1967,100,3454,5
E14C3248-5E6F-43EE-899E-132DC017E8BC,M,1/1/1967,100,3455,2
E14C3248-5E6F-43EE-899E-132DC017E8BC,M,1/1/1967,100,3456,5
E14AF09A-FE22-4860-BABD-70EF700E2745,M,1/1/1970,0,3452,5
E14AF09A-FE22-4860-BABD-70EF700E2745,M,1/1/1970,0,3453,5
E11292F6-6403-408C-A365-4252D1716719,M,1/1/1956,3,3449,4
E11292F6-6403-408C-A365-4252D1716719,M,1/1/1956,1,3450,5
E11292F6-6403-408C-A365-4252D1716719,M,1/1/1956,1,3451,5
E10C3DD9-C51C-4C2B-B773-45E4956A3496,M,1/1/1997,100,3448,1
E10A25A6-C102-424A-975D-E9E329C328D4,M,1/1/1981,1,3447,4
E10989B7-6C83-4054-9808-E223EB29140C,M,1/1/1971,0,3446,5
E0FF86AA-8116-440A-BC8D-4A3CE0EE85CB,M,1/1/1982,100,3443,5
E0FF86AA-8116-440A-BC8D-4A3CE0EE85CB,M,1/1/1982,100,3444,5
E0FF86AA-8116-440A-BC8D-4A3CE0EE85CB,M,1/1/1982,100,3445,5
E0CA14AB-5AC8-48AB-B8C8-8A5B19C2A275,M,1/1/1976,0,3441,5
E0CA14AB-5AC8-48AB-B8C8-8A5B19C2A275,M,1/1/1976,100,3442,5
E0A3BF55-C430-4755-BC7A-92E50A7E1535,M,1/1/1971,100,3439,5
E0A3BF55-C430-4755-BC7A-92E50A7E1535,M,1/1/1971,42,3440,4
E079315E-FC36-4E52-B4E0-31AF5A2AFBF5,M,1/1/1972,100,3438,5
E0643FA3-9517-4962-B890-2B8884491358,M,1/1/1973,100,3437,5
E060B8BD-7FA4-4176-871C-34393399C33E,M,1/1/1993,100,3436,4
E04A1267-7730-4D65-B03E-EAFB7FA1025C,M,1/1/1965,100,3434,5
E04A1267-7730-4D65-B03E-EAFB7FA1025C,M,1/1/1965,99,3435,5
E049AA7C-02FC-4F2C-B60A-E078BBCABB10,M,1/1/1959,44,3433,4
E049692C-5CBD-41DA-BE13-58119AB578E5,M,1/1/1983,0,3432,5
E01B6A33-143A-46B9-91B5-5421A2811EC3,M,1/1/1975,100,3430,5
E01B6A33-143A-46B9-91B5-5421A2811EC3,M,1/1/1975,99,3431,5
E010C7EC-D723-40F5-81AF-8520F734EBD5,M,1/1/1968,76,3429,4
DFE8B624-37A8-477A-ACAC-636F87D6BF8E,M,1/1/1994,100,3428,5
DFC2908C-F518-498F-B249-0774E41B2749,M,1/1/1961,100,3425,4
DFC2908C-F518-498F-B249-0774E41B2749,M,1/1/1961,100,3426,4
DFC2908C-F518-498F-B249-0774E41B2749,M,1/1/1961,100,3427,4
DFA2A091-91D0-44AD-8BFE-CE48FAAAD144,M,1/1/1972,90,3424,4
DF04F4CB-C87B-4009-B790-53D67864420E,M,1/1/1976,100,3420,2
DF04F4CB-C87B-4009-B790-53D67864420E,M,1/1/1976,100,3421,5
DF04F4CB-C87B-4009-B790-53D67864420E,M,1/1/1976,100,3422,5
DF04F4CB-C87B-4009-B790-53D67864420E,M,1/1/1976,100,3423,5
DEFDF798-55A7-4B66-9948-A847427B0094,M,1/1/1984,100,3419,5
DEE8153C-17BA-474F-A973-FD34F8E90020,M,1/1/1981,100,3418,5
DEE25539-0B3C-4973-B0F2-F92FCEA406F9,M,1/1/1997,100,3416,4
DEE25539-0B3C-4973-B0F2-F92FCEA406F9,M,1/1/1997,92,3417,4
DEC5BFA1-2BCB-492B-A968-3CE5E805723F,M,1/1/1973,91,3415,5
DEAFE63E-F0F1-4ECF-9B81-1CD1A0500095,M,1/1/1967,100,3414,5
DE9D0F10-0B42-450E-9873-72186AC4DDAC,M,1/1/1982,59,3413,5
DE5EBA85-39AF-440B-87D1-FA65462F1D3F,M,1/1/1974,100,3412,4
DE471EB7-3F07-4274-A5C0-C02FB10960ED,M,1/1/1975,1,3408,4
DE471EB7-3F07-4274-A5C0-C02FB10960ED,M,1/1/1975,13,3409,4
DE471EB7-3F07-4274-A5C0-C02FB10960ED,M,1/1/1975,49,3410,5
DE471EB7-3F07-4274-A5C0-C02FB10960ED,M,1/1/1975,35,3411,2
DE2BC57E-FF73-4800-9571-628AD6E71315,M,1/1/1993,50,3405,4
DE2BC57E-FF73-4800-9571-628AD6E71315,M,1/1/1993,92,3406,5
DE2BC57E-FF73-4800-9571-628AD6E71315,M,1/1/1993,71,3407,5
DE1D44F3-7095-478B-82D0-ADA0A055278B,M,1/1/1970,100,3403,4
DE1D44F3-7095-478B-82D0-ADA0A055278B,M,1/1/1970,7,3404,4
DE14D74D-9FE1-4507-9F93-39B9BA316963,M,1/1/1967,100,3401,5
DE14D74D-9FE1-4507-9F93-39B9BA316963,M,1/1/1967,1,3402,5
DDE7B899-0EEE-4E3B-A4CA-93201691C97A,M,1/1/1953,100,3388,3
DDE7B899-0EEE-4E3B-A4CA-93201691C97A,M,1/1/1953,100,3389,3
DDE7B899-0EEE-4E3B-A4CA-93201691C97A,M,1/1/1953,100,3390,5
DDE7B899-0EEE-4E3B-A4CA-93201691C97A,M,1/1/1953,100,3391,5
DDE7B899-0EEE-4E3B-A4CA-93201691C97A,M,1/1/1953,100,3392,5
DDE7B899-0EEE-4E3B-A4CA-93201691C97A,M,1/1/1953,100,3393,5
DDE7B899-0EEE-4E3B-A4CA-93201691C97A,M,1/1/1953,100,3394,5
DDE7B899-0EEE-4E3B-A4CA-93201691C97A,M,1/1/1953,100,3395,5
DDE7B899-0EEE-4E3B-A4CA-93201691C97A,M,1/1/1953,100,3396,5
DDE7B899-0EEE-4E3B-A4CA-93201691C97A,M,1/1/1953,100,3397,5
DDE7B899-0EEE-4E3B-A4CA-93201691C97A,M,1/1/1953,100,3398,5
DDE7B899-0EEE-4E3B-A4CA-93201691C97A,M,1/1/1953,100,3399,5
DDE7B899-0EEE-4E3B-A4CA-93201691C97A,M,1/1/1953,100,3400,4
DDB4148A-EEE7-4EF1-8F78-E857F324F918,M,1/1/1963,99,3385,4
DDB4148A-EEE7-4EF1-8F78-E857F324F918,M,1/1/1963,99,3386,4
DDB4148A-EEE7-4EF1-8F78-E857F324F918,M,1/1/1963,99,3387,4
DD9CE659-5F41-4A94-909E-F3B6BDA53280,M,1/1/1975,100,3384,4
DD734537-7DC9-4B85-9290-B00E8F2A281D,M,1/1/1989,15,3383,5
DD72A935-AF03-43CB-9B37-4351117B0789,M,1/1/1980,100,3382,5
DD468403-56FE-4E1B-A359-9FE2B45FD200,M,1/1/1973,100,3380,5
DD468403-56FE-4E1B-A359-9FE2B45FD200,M,1/1/1973,100,3381,5
DD1E818D-1B28-4100-912E-22611148C4CC,M,1/1/1992,100,3377,4
DD1E818D-1B28-4100-912E-22611148C4CC,M,1/1/1992,16,3378,4
DD1E818D-1B28-4100-912E-22611148C4CC,M,1/1/1992,100,3379,5
DD0D015E-0090-4E93-81A1-7C36E7B095F0,M,1/1/1984,1,3372,4
DD0D015E-0090-4E93-81A1-7C36E7B095F0,M,1/1/1984,100,3373,4
DD0D015E-0090-4E93-81A1-7C36E7B095F0,M,1/1/1984,100,3374,5
DD0D015E-0090-4E93-81A1-7C36E7B095F0,M,1/1/1984,74,3375,5
DD0D015E-0090-4E93-81A1-7C36E7B095F0,M,1/1/1984,100,3376,4
DD00F3ED-16A4-4FEA-A176-20E68A396C3C,M,1/1/1978,100,3370,4
DD00F3ED-16A4-4FEA-A176-20E68A396C3C,M,1/1/1978,100,3371,5
DCF945DB-1614-4DC0-853F-57F020809CD5,M,1/1/1973,47,3368,5
DCF945DB-1614-4DC0-853F-57F020809CD5,M,1/1/1973,12,3369,5
DC9D5CBC-CCFA-41EF-BB8A-5166E5C66CE8,M,1/1/1980,1,3366,5
DC9D5CBC-CCFA-41EF-BB8A-5166E5C66CE8,M,1/1/1980,100,3367,5
DC6A950D-4F7F-4B02-950D-8A9D0A8EFE6B,M,1/1/1977,2,3365,5
DC5150D5-7F04-430C-8B06-0D7181D6493B,F,1/1/1969,100,3364,5
DC4F0902-CE9F-49AF-B6FD-3E42FBFBAFDD,M,1/1/1977,95,3363,5
DC39AF80-6F48-4507-B7CC-5C84659A7B6C,M,1/1/1970,100,3361,5
DC39AF80-6F48-4507-B7CC-5C84659A7B6C,M,1/1/1970,100,3362,5
DC32728E-0025-49AC-992F-E2A2908E30CD,M,1/1/1981,72,3360,4
DC205BA0-C89F-432F-877D-DB50A4035768,M,1/1/1977,100,3359,4
DC0FA6CE-8BE1-4672-B601-0D5FFD506C06,M,1/1/1973,100,3357,5
DC0FA6CE-8BE1-4672-B601-0D5FFD506C06,M,1/1/1973,100,3358,5
DC0DFFA5-35B9-4B02-9CE6-3D16FAD797E7,M,1/1/1981,100,3356,5
DC0D4215-1237-4472-B20E-C3D725161A15,M,1/1/1974,100,3353,4
DC0D4215-1237-4472-B20E-C3D725161A15,M,1/1/1974,100,3354,5
DC0D4215-1237-4472-B20E-C3D725161A15,M,1/1/1974,100,3355,5
DC057FC1-401D-4EA5-934D-A8CA0344555D,M,1/1/1967,100,3352,5
DBFC0813-73BD-4D90-B278-DF5ADC1AE351,M,1/1/1989,33,3351,5
DBE64758-83FC-4D99-9236-D45B0C31A876,M,1/1/1977,100,3345,4
DBE64758-83FC-4D99-9236-D45B0C31A876,M,1/1/1977,100,3346,4
DBE64758-83FC-4D99-9236-D45B0C31A876,M,1/1/1977,73,3347,4
DBE64758-83FC-4D99-9236-D45B0C31A876,M,1/1/1977,99,3348,4
DBE64758-83FC-4D99-9236-D45B0C31A876,M,1/1/1977,1,3349,5
DBE64758-83FC-4D99-9236-D45B0C31A876,M,1/1/1977,1,3350,5
DB72A678-1769-45E7-AD35-83EF5E3C9FA4,M,1/1/1970,100,3339,5
DB72A678-1769-45E7-AD35-83EF5E3C9FA4,M,1/1/1970,100,3340,4
DB72A678-1769-45E7-AD35-83EF5E3C9FA4,M,1/1/1970,100,3341,3
DB72A678-1769-45E7-AD35-83EF5E3C9FA4,M,1/1/1970,100,3342,5
DB72A678-1769-45E7-AD35-83EF5E3C9FA4,M,1/1/1970,100,3343,4
DB72A678-1769-45E7-AD35-83EF5E3C9FA4,M,1/1/1970,100,3344,5
DB502FFB-D416-47FA-902B-081E06E691C2,M,1/1/1994,100,3338,5
DB4B4E43-3AC5-4251-91B7-DDFB27BF7083,M,1/1/1955,100,3327,5
DB4B4E43-3AC5-4251-91B7-DDFB27BF7083,M,1/1/1955,100,3328,5
DB4B4E43-3AC5-4251-91B7-DDFB27BF7083,M,1/1/1955,100,3329,5
DB4B4E43-3AC5-4251-91B7-DDFB27BF7083,M,1/1/1955,100,3330,4
DB4B4E43-3AC5-4251-91B7-DDFB27BF7083,M,1/1/1955,100,3331,5
DB4B4E43-3AC5-4251-91B7-DDFB27BF7083,M,1/1/1955,100,3332,5
DB4B4E43-3AC5-4251-91B7-DDFB27BF7083,M,1/1/1955,100,3333,5
DB4B4E43-3AC5-4251-91B7-DDFB27BF7083,M,1/1/1955,100,3334,5
DB4B4E43-3AC5-4251-91B7-DDFB27BF7083,M,1/1/1955,100,3335,5
DB4B4E43-3AC5-4251-91B7-DDFB27BF7083,M,1/1/1955,15,3336,5
DB4B4E43-3AC5-4251-91B7-DDFB27BF7083,M,1/1/1955,100,3337,5
DAF842D9-0433-4F35-92C2-138EE1698240,M,1/1/1975,100,3325,3
DAF842D9-0433-4F35-92C2-138EE1698240,M,1/1/1975,44,3326,5
DAD8ABA5-5D79-4BF2-88B3-7B47C6A6710C,F,1/1/1984,100,3324,4
DAC13565-0A4F-4152-88FF-C49F605BD828,M,1/1/1970,100,3321,5
DAC13565-0A4F-4152-88FF-C49F605BD828,M,1/1/1970,54,3322,5
DAC13565-0A4F-4152-88FF-C49F605BD828,M,1/1/1970,100,3323,4
DAB4871F-3745-4153-B34A-1C67750B0C60,M,1/1/1968,0,3320,5
DAB0E264-0011-4AEB-A9BC-4FE43162A6A0,M,1/1/1957,88,3319,5
DA81ADE5-1CA4-4CA8-BF19-8735DC9367E9,M,1/1/1994,100,3315,4
DA81ADE5-1CA4-4CA8-BF19-8735DC9367E9,M,1/1/1994,100,3316,5
DA81ADE5-1CA4-4CA8-BF19-8735DC9367E9,M,1/1/1994,100,3317,1
DA81ADE5-1CA4-4CA8-BF19-8735DC9367E9,M,1/1/1994,0,3318,4
DA0A40D7-E878-43E8-910B-C85AE9F19E0C,M,1/1/1966,100,3314,5
DA097FFA-998A-4167-AD41-6FC88A634DAA,M,1/1/1991,100,3313,5
D9E6B234-D250-45A4-B786-22998B709E8A,M,1/1/1996,96,3312,5
D9E604BC-3EB4-4F0A-9A5C-C8D00495B90D,M,1/1/1971,33,3309,5
D9E604BC-3EB4-4F0A-9A5C-C8D00495B90D,M,1/1/1971,20,3310,3
D9E604BC-3EB4-4F0A-9A5C-C8D00495B90D,M,1/1/1971,20,3311,5
D9E5F701-5CBC-4863-BDAE-215D4B4BA136,M,1/1/1971,0,3308,5
D9D7722B-FFB6-4D72-9546-CE4AFF544973,M,1/1/1979,1,3306,5
D9D7722B-FFB6-4D72-9546-CE4AFF544973,M,1/1/1979,2,3307,5
D9A21A00-ED98-4052-A2ED-82E4368B23EC,M,1/1/1967,28,3305,3
D9474B09-E137-48D8-B4CD-A706D629E4E2,M,1/1/1975,46,3301,5
D9474B09-E137-48D8-B4CD-A706D629E4E2,M,1/1/1975,0,3302,5
D9474B09-E137-48D8-B4CD-A706D629E4E2,M,1/1/1975,0,3303,5
D92C48EC-8399-40DD-8CDB-4FCDF1DDC11C,F,1/1/1981,100,3300,5
D8DA06D8-8B10-43B5-A1B5-D2CD3B023137,M,1/1/1975,30,3299,5
D8C316C7-DF4C-4A77-A995-30288054F65F,M,1/1/1969,100,3296,5
D8C316C7-DF4C-4A77-A995-30288054F65F,M,1/1/1969,17,3297,5
D8C316C7-DF4C-4A77-A995-30288054F65F,M,1/1/1969,55,3298,1
D8B83019-B19B-4181-BE45-9A32C895F4A9,M,1/1/1981,99,3292,5
D8B83019-B19B-4181-BE45-9A32C895F4A9,M,1/1/1981,100,3293,4
D8B83019-B19B-4181-BE45-9A32C895F4A9,M,1/1/1981,22,3294,5
D8B83019-B19B-4181-BE45-9A32C895F4A9,M,1/1/1981,56,3295,4
D8A7553C-7D93-45FF-9CC6-8B7E34768CBB,M,1/1/1982,100,3291,5
D89AAF62-A767-43C7-82DB-AE9649454933,M,1/1/1967,100,3284,5
D89AAF62-A767-43C7-82DB-AE9649454933,M,1/1/1967,100,3285,4
D89AAF62-A767-43C7-82DB-AE9649454933,M,1/1/1967,26,3286,5
D89AAF62-A767-43C7-82DB-AE9649454933,M,1/1/1967,98,3287,5
D89AAF62-A767-43C7-82DB-AE9649454933,M,1/1/1967,1,3288,5
D89AAF62-A767-43C7-82DB-AE9649454933,M,1/1/1967,100,3289,5
D89AAF62-A767-43C7-82DB-AE9649454933,M,1/1/1967,44,3290,5
D897D6D3-3466-4B82-ACFA-E0F9D76BACEE,M,1/1/1982,67,3282,5
D897D6D3-3466-4B82-ACFA-E0F9D76BACEE,M,1/1/1982,100,3283,5
D87EE9C7-F8E3-428D-B073-B85EBF733ECD,M,1/1/1979,5,3281,5
D865C774-108B-4ED5-8A86-941B0B638BBF,M,1/1/1984,100,3280,5
D85A8F14-BC5A-418E-8A8D-836BEDBBA3C7,M,1/1/1964,99,3279,4
D85A8F14-BC5A-418E-8A8D-836BEDBBA3C7,M,1/1/1964,99,3279,4
D85A8F14-BC5A-418E-8A8D-836BEDBBA3C7,M,1/1/1964,99,3279,4
D7BDBAE0-35B4-4A75-B62D-46B38A57996E,M,1/1/1981,99,3278,5
D7A30CD8-45D1-42C8-BC34-863A3AC92A9E,M,1/1/1982,0,3276,4
D7A30CD8-45D1-42C8-BC34-863A3AC92A9E,M,1/1/1982,96,3277,5
D7853DC8-6403-4EC0-87BF-302D3A9FA597,M,1/1/1966,100,3274,5
D73B7370-FDD7-4522-9881-72DA8DAB932B,M,1/1/1961,100,3272,4
D73B7370-FDD7-4522-9881-72DA8DAB932B,M,1/1/1961,4,3273,5
D6D7BB29-590B-4C9F-99F4-71F3DAE33260,M,1/1/1986,100,3271,5
D6BF90EE-2526-4E32-AC82-B8056CAFD9AF,M,1/1/1995,0,3270,4
D6B51908-B09B-4FA7-BE96-1413F6F98E1E,M,1/1/1987,92,3269,4
D6794B37-116F-4A89-B3F5-308250E361A0,M,1/1/1988,100,3267,4
D6794B37-116F-4A89-B3F5-308250E361A0,M,1/1/1988,43,3268,4
D66E9382-E905-4C5B-88D9-2E6F413B39CF,M,1/1/1979,17,3264,5
D66E9382-E905-4C5B-88D9-2E6F413B39CF,M,1/1/1979,25,3265,5
D66E9382-E905-4C5B-88D9-2E6F413B39CF,M,1/1/1979,92,3266,1
D64709E6-AA2E-485B-879B-622288CF0A4F,M,1/1/1959,100,3263,4
D5D27D3A-1595-4B10-A1BA-A216DC3BF0E1,M,1/1/1964,33,3262,4
D57D3957-BEB5-43C1-A472-58CC8F99A8EF,M,1/1/1948,100,3261,5
D56C8D9D-D9C8-4BBF-8380-CB84619D10E8,M,1/1/1981,97,3260,5
D55E893A-B7DD-482B-B7FE-9555A00BEAEF,M,1/1/1981,1,3259,5
D5568568-1160-449E-9CF8-4F0A4CF04B59,M,1/1/1968,69,3258,4
D53F375D-03FD-4E54-9003-52AF2AD27732,M,1/1/1957,99,3254,4
D53F375D-03FD-4E54-9003-52AF2AD27732,M,1/1/1957,99,3255,4
D53F375D-03FD-4E54-9003-52AF2AD27732,M,1/1/1957,100,3256,4
D53F375D-03FD-4E54-9003-52AF2AD27732,M,1/1/1957,98,3257,4
D5168B19-94AF-4596-AF78-30F56B60D24D,M,1/1/1951,100,3251,5
D5168B19-94AF-4596-AF78-30F56B60D24D,M,1/1/1951,100,3252,5
D5168B19-94AF-4596-AF78-30F56B60D24D,M,1/1/1951,0,3253,4
D50142C4-370B-4F0E-AB74-A1C7E9B7846C,M,1/1/1980,2,3249,5
D50142C4-370B-4F0E-AB74-A1C7E9B7846C,M,1/1/1980,13,3250,4
D4F7E86D-17D1-4C48-8E1E-410F5009492E,F,1/1/1980,63,3246,4
D4F7E86D-17D1-4C48-8E1E-410F5009492E,F,1/1/1980,93,3247,5
D4F7E86D-17D1-4C48-8E1E-410F5009492E,F,1/1/1980,25,3248,5
D4E82B4C-5828-4620-8AE4-CAC003A80EF5,M,1/1/1977,100,3243,5
D4E82B4C-5828-4620-8AE4-CAC003A80EF5,M,1/1/1977,89,3244,5
D4E82B4C-5828-4620-8AE4-CAC003A80EF5,M,1/1/1977,86,3245,5
D4BDD51B-7E61-4987-B9E9-DD30612682B9,M,1/1/1974,100,3241,3
D4BDD51B-7E61-4987-B9E9-DD30612682B9,M,1/1/1974,99,3242,5
D49005E1-BBC2-4656-84DF-0D0C3D0EEC13,F,1/1/1956,49,3238,4
D49005E1-BBC2-4656-84DF-0D0C3D0EEC13,F,1/1/1956,65,3239,4
D49005E1-BBC2-4656-84DF-0D0C3D0EEC13,F,1/1/1956,67,3240,3
D4882D62-1C95-4123-8B17-4C8FFAC35A38,M,1/1/1961,1,3236,5
D4882D62-1C95-4123-8B17-4C8FFAC35A38,M,1/1/1961,1,3237,5
D4358F0F-4D11-4039-B286-BCCD3E9AF02E,F,1/1/1979,100,3235,5
D43443E4-4AF3-49D8-83B5-BD2F67E329C8,M,1/1/1973,100,3233,5
D43443E4-4AF3-49D8-83B5-BD2F67E329C8,M,1/1/1973,100,3234,5
D428F948-34EA-4A1F-B9F5-31F17ECD1F61,M,1/1/1966,100,3229,5
D428F948-34EA-4A1F-B9F5-31F17ECD1F61,M,1/1/1966,100,3230,5
D428F948-34EA-4A1F-B9F5-31F17ECD1F61,M,1/1/1966,100,3231,5
D428F948-34EA-4A1F-B9F5-31F17ECD1F61,M,1/1/1966,2,3232,5
D4284616-86A6-4C2F-A209-832220551BB0,M,1/1/1972,100,3226,5
D4284616-86A6-4C2F-A209-832220551BB0,M,1/1/1972,100,3227,5
D4284616-86A6-4C2F-A209-832220551BB0,M,1/1/1972,100,3228,5
D402731D-4D4F-48FD-9F53-FBA1F1E4855D,M,1/1/1987,100,3222,5
D402731D-4D4F-48FD-9F53-FBA1F1E4855D,M,1/1/1987,100,3223,4
D402731D-4D4F-48FD-9F53-FBA1F1E4855D,M,1/1/1987,100,3224,5
D402731D-4D4F-48FD-9F53-FBA1F1E4855D,M,1/1/1987,100,3225,5
D3F1B193-7533-4EAA-AC65-2555F4263DD8,M,1/1/1970,36,3220,5
D3F1B193-7533-4EAA-AC65-2555F4263DD8,M,1/1/1970,98,3221,5
D3DA0FED-BA04-42CE-AE4F-3164832151C7,F,1/1/1970,100,3219,4
D39D9636-D02B-494C-8655-D1795BD9B6BF,M,1/1/1980,3,3217,5
D39D9636-D02B-494C-8655-D1795BD9B6BF,M,1/1/1980,2,3218,5
D36624F8-9850-4CAD-90A8-F7A8496D295C,M,1/1/1978,55,3213,5
D36624F8-9850-4CAD-90A8-F7A8496D295C,M,1/1/1978,70,3214,5
D36624F8-9850-4CAD-90A8-F7A8496D295C,M,1/1/1978,44,3215,5
D36624F8-9850-4CAD-90A8-F7A8496D295C,M,1/1/1978,1,3216,5
D364782B-FD33-4BF1-9F5B-B0AEFD471609,M,1/1/1990,90,3212,4
D360B1FE-82C8-4C14-8441-6CFD650E4DCB,M,1/1/1978,69,3211,4
D304D4C6-647A-4643-93D9-798A3C2EA5FA,M,1/1/1974,68,3210,4
D2D104EA-0073-44EB-83EB-705EE7F09E73,F,1/1/1970,87,3209,4
D2CE9874-7544-49C4-B4D3-7F9565364C46,M,1/1/1977,80,3208,5
D2C1CEDF-21D1-427C-A4AE-4A76A6132BCB,M,1/1/1988,85,3204,5
D2C1CEDF-21D1-427C-A4AE-4A76A6132BCB,M,1/1/1988,100,3205,5
D2C1CEDF-21D1-427C-A4AE-4A76A6132BCB,M,1/1/1988,99,3206,5
D2C1CEDF-21D1-427C-A4AE-4A76A6132BCB,M,1/1/1988,100,3207,4
D2B227FF-A841-4DE1-993B-321FEB6EB03B,F,1/1/1964,100,3203,4
D29F9B60-15E7-4FBF-8F78-E5445EF6AEAB,M,1/1/1962,100,3202,2
D28FEC65-0E5B-4F1D-B250-B5D496191080,M,1/1/1970,100,3201,5
D28582CD-9D67-49C9-B391-41CB51F6E34D,F,1/1/1981,1,3200,5
D26A0059-1AF4-4DBA-ADCA-08A6BDCE7817,M,1/1/1990,100,3199,5
D250666F-414A-4A0B-9823-B78BE979F90A,M,1/1/1988,1,3197,5
D250666F-414A-4A0B-9823-B78BE979F90A,M,1/1/1988,18,3198,5
D24C0E08-D008-4C1A-85B5-783F654DB1DD,M,1/1/1987,3,3194,5
D24C0E08-D008-4C1A-85B5-783F654DB1DD,M,1/1/1987,77,3195,1
D24C0E08-D008-4C1A-85B5-783F654DB1DD,M,1/1/1987,0,3196,4
D21AD815-3F55-4555-AEAD-90141F140DF8,M,1/1/1962,100,3193,5
D1D50B1C-EC9A-4E67-89C4-66D9D932016E,M,1/1/1990,100,3191,5
D1D50B1C-EC9A-4E67-89C4-66D9D932016E,M,1/1/1990,100,3192,5
D1B2B396-7AAF-4EC3-913A-B6A8C4D75389,M,1/1/1970,1,3189,4
D1B2B396-7AAF-4EC3-913A-B6A8C4D75389,M,1/1/1970,100,3190,5
D16E5535-0EEF-4DF6-A3EA-ECD7E3AEAD07,M,1/1/1993,100,3188,4
D13719BF-3A52-401F-AD6C-301CFEEF4CF1,M,1/1/1997,20,3187,5
D12B34EB-1532-416A-9C22-270BBB4EA95D,M,1/1/1982,50,3185,5
D12B34EB-1532-416A-9C22-270BBB4EA95D,M,1/1/1982,100,3186,4
D0EB92FD-018E-482B-AD10-AFE1FBB9199B,M,1/1/1968,100,3184,4
D0A83EB7-D979-427F-9D21-979DFF8F54EE,M,1/1/1970,100,3183,5
D095D08E-D69F-4F2F-AC9B-E4ADC97BA08D,F,1/1/1969,0,3182,2
D04F9F4D-7144-438A-84C1-6AC16E63A63D,M,1/1/1973,100,3181,5
D04B3244-BC88-419C-B416-A36568503A81,M,1/1/1995,0,3177,5
D04B3244-BC88-419C-B416-A36568503A81,M,1/1/1995,100,3178,5
D04B3244-BC88-419C-B416-A36568503A81,M,1/1/1995,100,3179,5
D04B3244-BC88-419C-B416-A36568503A81,M,1/1/1995,41,3180,5
D030E380-52F3-4FB8-BD86-4B93401AC619,M,1/1/1972,98,3176,5
D030A7FF-0CDB-47A1-850D-A3D1D1FAC2F3,M,1/1/1962,100,3173,1
D030A7FF-0CDB-47A1-850D-A3D1D1FAC2F3,M,1/1/1962,100,3174,5
D030A7FF-0CDB-47A1-850D-A3D1D1FAC2F3,M,1/1/1962,100,3175,5
CFFEE927-40F3-4970-BC1C-D1DA0F2FCE76,M,1/1/1974,14,3168,5
CFFEE927-40F3-4970-BC1C-D1DA0F2FCE76,M,1/1/1974,100,3169,5
CFFEE927-40F3-4970-BC1C-D1DA0F2FCE76,M,1/1/1974,0,3170,4
CFFEE927-40F3-4970-BC1C-D1DA0F2FCE76,M,1/1/1974,100,3171,3
CFFEE927-40F3-4970-BC1C-D1DA0F2FCE76,M,1/1/1974,100,3172,5
CFD51035-0E1B-467A-AF87-EC11EC969D7C,M,1/1/1980,100,3167,3
CFA9280D-E820-4B52-AA50-065B4AF5AC4B,M,1/1/1986,2,3165,5
CFA9280D-E820-4B52-AA50-065B4AF5AC4B,M,1/1/1986,36,3166,4
CFA7DF67-6A87-4036-B575-20E8875C4109,M,1/1/1975,100,3164,5
CF9B371E-4862-4F62-8508-2F830B2C7312,M,1/1/1960,100,3162,4
CF9B371E-4862-4F62-8508-2F830B2C7312,M,1/1/1960,100,3163,4
CF7F3FF3-5B3F-40F1-88EB-AFDD9A1F0E45,M,1/1/1981,100,3161,5
CF6FD43A-403A-4602-88A2-807B20BBB2FC,M,1/1/1975,0,3160,5
CF660016-AD54-4C2C-BBC7-A3B0F0AE3688,M,1/1/1986,59,3159,4
CF4E051B-0ACD-4F46-AB52-44B0142EE287,M,1/1/1997,100,3158,5
CEFF3B09-0F02-4CEF-9F51-84BB0C60EA46,F,1/1/1975,7,3157,5
CEF859F0-C3E6-4CC8-83EE-E7BC49E1F55D,M,1/1/1991,96,3155,5
CEF859F0-C3E6-4CC8-83EE-E7BC49E1F55D,M,1/1/1991,98,3156,5
CED8C8AF-881B-4354-A743-FCD78B524CCB,M,1/1/1971,100,3154,4
CE6A4F01-64DB-4C97-8443-2ADCD464DC80,M,1/1/1986,100,3150,1
CE6A4F01-64DB-4C97-8443-2ADCD464DC80,M,1/1/1986,100,3151,5
CE6A4F01-64DB-4C97-8443-2ADCD464DC80,M,1/1/1986,100,3152,5
CE6A4F01-64DB-4C97-8443-2ADCD464DC80,M,1/1/1986,100,3153,5
CE34A259-1E20-4143-B866-9AAED82D61DC,M,1/1/1957,13,3149,4
CE152AB7-B815-440D-BD66-34C34D2614CB,M,1/1/1985,99,3148,5
CE1221E4-A95D-45E3-A84F-00D6C254145A,M,1/1/1964,99,3147,5
CDFCECFB-39B2-423F-A988-CA3884586F19,F,1/1/1977,0,3146,4
CDD93588-10A0-4D59-8A68-FF9E79B0B881,F,1/1/1975,100,3145,5
CDC1F17D-5E23-4FB9-94E4-E8CF621B1E2E,M,1/1/1980,0,3144,4
CDC17647-5A9F-441B-8B56-E7E3B0B382E7,M,1/1/1989,27,3142,5
CDC17647-5A9F-441B-8B56-E7E3B0B382E7,M,1/1/1989,0,3143,5
CD969947-FEE9-42DB-BFB2-E12D92241C3C,M,1/1/1966,99,3141,5
CD7081CD-7383-490E-B487-D68B8B918916,M,1/1/1968,6,3140,4
CD6CAE29-1E2D-4BEF-95EE-2216ADA65286,M,1/1/1996,100,3139,3
CCF90684-D1C0-436B-92D1-3111F8B53615,M,1/1/1975,15,3137,5
CCF90684-D1C0-436B-92D1-3111F8B53615,M,1/1/1975,27,3138,5
CCF1B664-A3EA-459B-9D83-1DF4BA3A8163,M,1/1/1978,100,3135,5
CCF1B664-A3EA-459B-9D83-1DF4BA3A8163,M,1/1/1978,16,3136,5
CCED9D85-8896-435D-B533-BB3A2F0ECEE0,M,1/1/1972,95,3134,5
CCDD4B69-8F31-45A6-A791-34174A681FA9,M,1/1/1982,17,3132,5
CCDD4B69-8F31-45A6-A791-34174A681FA9,M,1/1/1982,98,3133,5
CCA37846-96FB-4B33-B0E5-4E21C38EDEEE,M,1/1/1990,98,3131,5
CC982020-BEFF-4911-95FB-DACBE6596F3C,M,1/1/1983,100,3130,5
CC81B71F-C808-4FDF-9532-0F53D7A2E9EC,M,1/1/1980,0,3129,4
CC605C05-704A-4969-8259-4C5AE4865260,M,1/1/1984,100,3128,5
CC5A1225-9BB2-49E1-80B1-9693DEF97AD6,M,1/1/1979,95,3127,4
CC04AEA7-6A9B-45D6-BF7A-23B226531BE2,M,1/1/1973,100,3126,1
CBFA6AF6-86F5-4012-A984-51B409D68CFF,M,1/1/1979,87,3124,5
CBFA6AF6-86F5-4012-A984-51B409D68CFF,M,1/1/1979,51,3125,5
CBB423F2-AEC0-436E-BB12-006DD80493EF,M,1/1/1990,100,3122,5
CBB423F2-AEC0-436E-BB12-006DD80493EF,M,1/1/1990,1,3123,4
CBA45545-8C91-48DC-88E4-25A5540D3879,M,1/1/1991,100,3121,5
CB9460AC-24C9-4DA3-9659-96F4AAB227D2,M,1/1/1971,100,3117,5
CB9460AC-24C9-4DA3-9659-96F4AAB227D2,M,1/1/1971,100,3118,5
CB9460AC-24C9-4DA3-9659-96F4AAB227D2,M,1/1/1971,100,3119,5
CB9460AC-24C9-4DA3-9659-96F4AAB227D2,M,1/1/1971,21,3120,5
CB79E5A2-0CAF-4BCE-BAF9-A0BDB81A3A42,M,1/1/1971,100,3114,4
CB79E5A2-0CAF-4BCE-BAF9-A0BDB81A3A42,M,1/1/1971,100,3115,5
CB79E5A2-0CAF-4BCE-BAF9-A0BDB81A3A42,M,1/1/1971,100,3116,4
CB5AC748-43DF-48AB-8A2E-F4C3A218613A,M,1/1/1971,100,3111,4
CB5AC748-43DF-48AB-8A2E-F4C3A218613A,M,1/1/1971,100,3112,4
CB5AC748-43DF-48AB-8A2E-F4C3A218613A,M,1/1/1971,100,3113,3
CAE0B6A7-1B09-4AA1-A235-6F072B747AAC,M,1/1/1939,95,3108,5
CAE0B6A7-1B09-4AA1-A235-6F072B747AAC,M,1/1/1939,100,3109,5
CAE0B6A7-1B09-4AA1-A235-6F072B747AAC,M,1/1/1939,94,3110,5
CAAFEE83-E368-4C56-A32D-B78A18E72926,M,1/1/1984,100,3107,1
CAA2A8BA-A75E-46AF-AB30-C9512E34F1F3,M,1/1/1970,97,3104,5
CAA2A8BA-A75E-46AF-AB30-C9512E34F1F3,M,1/1/1970,97,3105,5
CAA2A8BA-A75E-46AF-AB30-C9512E34F1F3,M,1/1/1970,97,3106,5
CA9235F3-EE49-4608-8C4F-37C5BCD6162C,M,1/1/1980,6,3103,4
CA7CE4F1-D097-4628-85AF-9A7BDFAD561D,M,1/1/1971,100,3102,5
CA22BD8F-3EB4-43F1-B1AE-C3B18EC9BF09,M,1/1/1997,98,3101,4
CA227E6F-CD1B-4E86-BADD-DA84274997DE,M,1/1/1963,1,3098,5
CA227E6F-CD1B-4E86-BADD-DA84274997DE,M,1/1/1963,30,3099,3
CA227E6F-CD1B-4E86-BADD-DA84274997DE,M,1/1/1963,100,3100,5
C9E7342F-9966-4D39-BC2D-5430D4D45228,M,1/1/1981,94,3097,5
C9DE63F1-81CE-4A6A-BFD1-F165673346D4,M,1/1/1986,63,3092,4
C9DE63F1-81CE-4A6A-BFD1-F165673346D4,M,1/1/1986,29,3093,5
C9DE63F1-81CE-4A6A-BFD1-F165673346D4,M,1/1/1986,11,3094,5
C9DE63F1-81CE-4A6A-BFD1-F165673346D4,M,1/1/1986,16,3095,5
C9DE63F1-81CE-4A6A-BFD1-F165673346D4,M,1/1/1986,10,3096,5
C99BC8E5-CBFC-4BA6-BE89-371DBC009DDD,F,1/1/1985,1,3091,2
C97F19FE-EBBB-495C-8533-21412236E4C3,M,1/1/1975,1,3087,4
C97F19FE-EBBB-495C-8533-21412236E4C3,M,1/1/1975,100,3088,5
C97F19FE-EBBB-495C-8533-21412236E4C3,M,1/1/1975,95,3089,5
C97F19FE-EBBB-495C-8533-21412236E4C3,M,1/1/1975,11,3090,3
C93ED28D-FC02-468D-BDFE-C904A02D24BE,M,1/1/1965,100,3086,4
C92DDE54-3143-4671-99BB-C4B8A2250E12,M,1/1/1970,0,3085,5
C925AA76-A208-439E-86C2-B961658195FE,M,1/1/1978,100,3084,4
C917DB1C-DE90-4387-A3C2-EB9C4B5D7782,F,1/1/1979,100,3083,5
C90C4E76-FCC2-41B0-A795-39F5C96C5CB0,M,1/1/1971,0,3082,3
C8F4D332-6341-4C40-933F-445F41C48036,M,1/1/1984,90,3081,5
C8F4B140-295F-4F63-AD02-E9B5C0FD9543,M,1/1/1931,100,3080,5
C8D5D3DF-DAF4-4927-A569-4BC8BA846D8D,M,1/1/1986,92,3079,5
C8B826C6-FF66-43E9-BA49-0FB451096A3C,M,1/1/1993,1,3078,5
C8B29423-B873-4246-8734-A5262FC71A03,M,1/1/1991,67,3077,5
C8A62E05-70CE-40EC-91B2-9CC053E2E8CB,M,1/1/1972,100,3073,5
C8A62E05-70CE-40EC-91B2-9CC053E2E8CB,M,1/1/1972,100,3074,5
C8A62E05-70CE-40EC-91B2-9CC053E2E8CB,M,1/1/1972,100,3075,5
C8A62E05-70CE-40EC-91B2-9CC053E2E8CB,M,1/1/1972,100,3076,5
C8A25878-1A4A-43A4-A6CC-C64DBBC6AC82,M,1/1/1976,0,3071,5
C8A25878-1A4A-43A4-A6CC-C64DBBC6AC82,M,1/1/1976,2,3072,4
C89CE538-24BA-46DE-8F73-7CDB0AC3E7BF,M,1/1/1970,100,3070,4
C85C16EA-60C4-4DEC-8DFE-F9F44E86F065,M,1/1/1995,100,3067,5
C85C16EA-60C4-4DEC-8DFE-F9F44E86F065,M,1/1/1995,100,3068,5
C85C16EA-60C4-4DEC-8DFE-F9F44E86F065,M,1/1/1995,100,3069,4
C842AF53-359F-411E-80B0-B557BC62BE70,M,1/1/1959,100,3066,4
C83BEBD3-B446-437A-B79A-C2352F02BD8A,M,1/1/1975,100,3065,4
C7C25DBA-03D0-46E5-9F20-9728084A33AA,F,1/1/1963,100,3061,5
C7C25DBA-03D0-46E5-9F20-9728084A33AA,F,1/1/1963,1,3062,5
C7C25DBA-03D0-46E5-9F20-9728084A33AA,F,1/1/1963,100,3063,5
C7C25DBA-03D0-46E5-9F20-9728084A33AA,F,1/1/1963,100,3064,5
C7AC780C-2E01-4AFD-ABAE-C9E3D5E25E77,F,1/1/1986,94,3060,4
C7948991-408C-49B9-AC79-12D83E0F19F6,M,1/1/1967,100,3059,5
C7307846-5E6F-418B-A554-4C3BE41204DD,M,1/1/1962,100,3058,5
C6E59ADD-C67C-4351-A23A-74DAC3C51ADB,M,1/1/1979,98,3056,5
C6E59ADD-C67C-4351-A23A-74DAC3C51ADB,M,1/1/1979,98,3057,5
C6A13BB9-701E-4FED-9581-484C97EF3522,M,1/1/1969,100,3055,5
C69CF418-125E-441C-909D-D5FF24B1716B,M,1/1/1978,95,3054,5
C66AE4B4-12C2-4A8F-BBEA-0C68A9BD44DC,M,1/1/1967,1,3051,5
C66AE4B4-12C2-4A8F-BBEA-0C68A9BD44DC,M,1/1/1967,1,3052,5
C66AE4B4-12C2-4A8F-BBEA-0C68A9BD44DC,M,1/1/1967,1,3053,5
C62BAD5A-DABD-4CAD-B96F-9B65056F4EE0,M,1/1/1964,100,3050,4
C600FCA0-3901-4F77-85C7-4661EF5EB1B7,M,1/1/1975,0,3049,5
C5DABC2A-40FD-4297-974C-AD8B1A5D5042,M,1/1/1963,100,3048,4
C57CE31F-0007-4786-81DA-1FA6387CA26A,M,1/1/1986,9,3047,5
C568371B-44A7-459E-A7ED-862ED3AFE873,M,1/1/1991,44,3045,4
C568371B-44A7-459E-A7ED-862ED3AFE873,M,1/1/1991,53,3046,5
C54D9C86-9AC2-4BF6-A4F0-7DDD1B4A0231,M,1/1/1957,99,3043,1
C54D9C86-9AC2-4BF6-A4F0-7DDD1B4A0231,M,1/1/1957,100,3044,1
C50006D5-C99B-4998-BC4A-FE252D89EE87,M,1/1/1995,1,3041,4
C50006D5-C99B-4998-BC4A-FE252D89EE87,M,1/1/1995,64,3042,5
C4E00C60-383E-4F5C-B94D-E744002D28CC,M,1/1/1961,100,3040,4
C4BBD034-E85A-4A99-827E-EB4E85C89115,F,1/1/1966,100,3039,5
C4BA864C-5285-4E31-8EB0-535D641889A8,M,1/1/1989,13,3038,5
C4A8ED65-95DB-41CC-AA3A-14A18FDD3CC2,M,1/1/1975,100,3037,5
C4955035-5797-4E68-90EA-AF9EB0B6FECF,M,1/1/1959,100,3036,5
C45CFB15-FB44-4AFB-819D-26E1BA9B16E6,M,1/1/1971,99,3035,5
C3FD6FA7-07D0-4917-A1EC-4F0FAA7282E1,M,1/1/1971,91,3033,5
C3FD6FA7-07D0-4917-A1EC-4F0FAA7282E1,M,1/1/1971,37,3034,5
C3F512B6-6860-45EC-803A-3EAF71CD5C60,M,1/1/1975,4,3030,5
C3F512B6-6860-45EC-803A-3EAF71CD5C60,M,1/1/1975,100,3031,5
C3F512B6-6860-45EC-803A-3EAF71CD5C60,M,1/1/1975,100,3032,5
C3E8ACF2-729B-41F5-9346-4AC79AAE494B,M,1/1/1973,100,3029,5
C3CCEA89-77DE-4D81-9A19-C499DBFA5753,M,1/1/1968,0,3028,5
C390C2DD-7BAE-40B5-8E0D-22C315D8DBE5,M,1/1/1990,78,3027,5
C38045B7-EF85-473C-979F-5B911F14FF17,M,1/1/1975,100,3026,3
C3801989-5845-468D-BCD1-9599527A0275,M,1/1/1977,100,3024,5
C3801989-5845-468D-BCD1-9599527A0275,M,1/1/1977,100,3025,5
C33B7A5A-1C53-4C4A-8C7B-61B8B801D0B2,M,1/1/1973,100,3023,5
C2FCAF03-55A5-4244-9E16-C04B43297F32,M,1/1/1970,100,3021,5
C2FCAF03-55A5-4244-9E16-C04B43297F32,M,1/1/1970,100,3022,5
C2E6FB01-D8F6-4EE6-BFF1-FAD154CFBF45,M,1/1/1972,14,3019,5
C2E6FB01-D8F6-4EE6-BFF1-FAD154CFBF45,M,1/1/1972,0,3020,5
C2B8C078-B139-4FEF-9AB2-3EDF1FE070FE,F,1/1/1961,100,3018,4
C2A3855C-DB14-4572-BFE7-BC10A5710909,M,1/1/1976,84,3015,5
C2A3855C-DB14-4572-BFE7-BC10A5710909,M,1/1/1976,100,3016,5
C2A3855C-DB14-4572-BFE7-BC10A5710909,M,1/1/1976,99,3017,5
C2A0623A-1A60-4178-9437-E40AB4C10A84,M,1/1/1951,100,3014,5
C22F9786-AFF6-4FB8-99BB-751194B6531F,M,1/1/1971,7,3013,5
C211E9C6-3FF6-40E4-ACB6-8DA88493D97B,M,1/1/1972,1,3012,1
C2041D1C-A29B-46D7-8B50-199DAAAFD3D6,M,1/1/1982,1,3010,5
C2041D1C-A29B-46D7-8B50-199DAAAFD3D6,M,1/1/1982,99,3011,5
C1E8BBA7-CB52-4800-9C36-AC08B5587D7E,M,1/1/1983,4,3009,5
C1BB9CC8-AB92-420B-899E-814E3438C1D4,F,1/1/1974,100,3007,5
C1BB9CC8-AB92-420B-899E-814E3438C1D4,F,1/1/1974,100,3008,5
C161AF6B-0F18-420A-B6AD-C11F1C4E17D6,M,1/1/1991,100,3006,4
C15A9B4E-37E0-47C4-B6EE-710AE186E035,F,1/1/1954,69,3005,5
C14EBE88-2F9B-409B-9C0C-76E81FF94B4D,M,1/1/1969,85,3004,4
C1318E18-2EE3-40A1-9D45-729EDFEBEE79,M,1/1/1994,20,3003,4
C1161F23-EF20-45B0-BA00-47F29AC65B86,M,1/1/1970,100,3002,4
C10D5D16-D2B8-4F8A-9744-AF1526755360,M,1/1/1988,86,3001,4
C09D489A-B263-48EC-A2AB-F78821AB0D53,M,1/1/1979,93,2998,5
C09D489A-B263-48EC-A2AB-F78821AB0D53,M,1/1/1979,100,2999,5
C09D489A-B263-48EC-A2AB-F78821AB0D53,M,1/1/1979,84,3000,4
C0894D98-F599-40A5-98AE-F418C559ECA7,M,1/1/1966,100,2997,4
C0884757-74DD-4497-8AC9-F1D1AD9CEDB6,F,1/1/1980,53,2996,4
C0675EAB-06F9-4131-B877-609762E79F40,M,1/1/1981,100,2995,5
C00708E9-ADA7-4F2B-BEA7-CADEFBF48193,M,1/1/1982,100,2993,4
BFE38D16-05CA-42D7-961B-6D0A974CA2D0,M,1/1/1967,95,2992,4
BFD5F533-9F49-4AAA-94FE-47967C422B82,F,1/1/1971,100,2990,4
BFD5F533-9F49-4AAA-94FE-47967C422B82,F,1/1/1971,0,2991,5
BFC0C97F-F950-4796-B0BE-0CCA25635C4A,M,1/1/1982,100,2987,5
BFC0C97F-F950-4796-B0BE-0CCA25635C4A,M,1/1/1982,75,2988,5
BFC0C97F-F950-4796-B0BE-0CCA25635C4A,M,1/1/1982,19,2989,4
BF93E93E-B444-4F28-AC38-C3D6E1D53708,M,1/1/1988,97,2984,5
BF93E93E-B444-4F28-AC38-C3D6E1D53708,M,1/1/1988,100,2985,5
BF93E93E-B444-4F28-AC38-C3D6E1D53708,M,1/1/1988,98,2986,5
BF14691F-ED81-4354-9FDC-578A52670EA7,M,1/1/1972,100,2983,4
BF0CF189-A9F8-408F-83FE-0F6E9277D21D,M,1/1/1974,92,2982,5
BE4F54A3-DBB2-4336-93F6-D79219908BCA,M,1/1/1969,0,2981,4
BE2EC233-80EC-4306-B0F9-3F5FB026EEE8,M,1/1/1974,100,2977,4
BE2EC233-80EC-4306-B0F9-3F5FB026EEE8,M,1/1/1974,0,2978,4
BE2EC233-80EC-4306-B0F9-3F5FB026EEE8,M,1/1/1974,100,2979,5
BE2EC233-80EC-4306-B0F9-3F5FB026EEE8,M,1/1/1974,100,2980,5
BDF77795-A4B6-4DA5-A169-0570486C21E0,M,1/1/1960,0,2975,5
BDF77795-A4B6-4DA5-A169-0570486C21E0,M,1/1/1960,47,2976,5
BD94704D-34AC-4C44-87A2-0E8E56333687,M,1/1/1988,4,2974,4
BD54AC8E-1816-4309-944F-32FA64B02B84,M,1/1/1972,26,2973,4
BD4B0359-5057-46D8-B9F0-838096912472,M,1/1/1988,100,2972,4
BCCFD39B-2E08-4AFE-8445-A9B25AACAD6B,M,1/1/1990,100,2968,5
BCCFD39B-2E08-4AFE-8445-A9B25AACAD6B,M,1/1/1990,100,2969,5
BCCFD39B-2E08-4AFE-8445-A9B25AACAD6B,M,1/1/1990,100,2970,5
BCCFD39B-2E08-4AFE-8445-A9B25AACAD6B,M,1/1/1990,100,2971,3
BC9FBFA6-8890-4F93-9F16-21912A027F4D,M,1/1/1972,100,2966,2
BC9FBFA6-8890-4F93-9F16-21912A027F4D,M,1/1/1972,72,2967,1
BC86C9DE-BF23-4294-9068-FA52CE19AE8D,M,1/1/1971,99,2965,5
BC8271D7-2C3F-4B7B-BCEF-6B74D70FB579,M,1/1/1987,100,2961,4
BC8271D7-2C3F-4B7B-BCEF-6B74D70FB579,M,1/1/1987,100,2962,3
BC8271D7-2C3F-4B7B-BCEF-6B74D70FB579,M,1/1/1987,100,2963,5
BC8271D7-2C3F-4B7B-BCEF-6B74D70FB579,M,1/1/1987,100,2964,4
BC3E503B-0E0D-48BA-A2BB-0B0D3683F8EA,F,1/1/1988,53,2960,5
BC281D45-2A53-4513-BACA-FB9528CEE0AF,M,1/1/1967,100,2959,5
BC23D4FF-0B48-42E3-AB3A-27D6A653B246,M,1/1/1969,100,2952,4
BC23D4FF-0B48-42E3-AB3A-27D6A653B246,M,1/1/1969,100,2953,4
BC23D4FF-0B48-42E3-AB3A-27D6A653B246,M,1/1/1969,100,2954,4
BC23D4FF-0B48-42E3-AB3A-27D6A653B246,M,1/1/1969,100,2955,4
BC23D4FF-0B48-42E3-AB3A-27D6A653B246,M,1/1/1969,100,2956,4
BC23D4FF-0B48-42E3-AB3A-27D6A653B246,M,1/1/1969,100,2957,4
BC23D4FF-0B48-42E3-AB3A-27D6A653B246,M,1/1/1969,100,2958,4
BC236AEB-93C6-4C00-845C-717E35CD0121,M,1/1/1965,100,2949,5
BC236AEB-93C6-4C00-845C-717E35CD0121,M,1/1/1965,100,2950,5
BC236AEB-93C6-4C00-845C-717E35CD0121,M,1/1/1965,100,2951,5
BC1F82D8-BAEB-4F85-9744-AF31577053FC,M,1/1/1978,100,2943,4
BC1F82D8-BAEB-4F85-9744-AF31577053FC,M,1/1/1978,100,2944,4
BC1F82D8-BAEB-4F85-9744-AF31577053FC,M,1/1/1978,92,2945,5
BC1F82D8-BAEB-4F85-9744-AF31577053FC,M,1/1/1978,100,2946,5
BC1F82D8-BAEB-4F85-9744-AF31577053FC,M,1/1/1978,100,2947,5
BC1F82D8-BAEB-4F85-9744-AF31577053FC,M,1/1/1978,100,2948,5
BBF8ACD1-AE46-4CBE-97FC-70AF02F91E6C,M,1/1/1962,100,2941,5
BBF8ACD1-AE46-4CBE-97FC-70AF02F91E6C,M,1/1/1962,100,2942,5
BBE85849-27DF-46FD-8D3C-01ADE49261C2,M,1/1/1971,2,2939,5
BBE85849-27DF-46FD-8D3C-01ADE49261C2,M,1/1/1971,96,2940,4
BBE30FF6-C341-48D2-A41B-27D9EF1F0235,F,1/1/1970,100,2930,4
BBE30FF6-C341-48D2-A41B-27D9EF1F0235,F,1/1/1970,100,2931,4
BBE30FF6-C341-48D2-A41B-27D9EF1F0235,F,1/1/1970,100,2932,4
BBE30FF6-C341-48D2-A41B-27D9EF1F0235,F,1/1/1970,100,2933,4
BBE30FF6-C341-48D2-A41B-27D9EF1F0235,F,1/1/1970,100,2934,4
BBE30FF6-C341-48D2-A41B-27D9EF1F0235,F,1/1/1970,47,2935,4
BBE30FF6-C341-48D2-A41B-27D9EF1F0235,F,1/1/1970,100,2936,4
BBE30FF6-C341-48D2-A41B-27D9EF1F0235,F,1/1/1970,7,2937,4
BBE30FF6-C341-48D2-A41B-27D9EF1F0235,F,1/1/1970,100,2938,4
BBB57C2A-B8FB-4B5C-950C-A78942489E3E,M,1/1/1971,100,2927,5
BBB57C2A-B8FB-4B5C-950C-A78942489E3E,M,1/1/1971,100,2928,5
BBB57C2A-B8FB-4B5C-950C-A78942489E3E,M,1/1/1971,100,2929,5
BB987256-0430-4583-A134-992A1C32B554,M,1/1/1981,100,2924,5
BB987256-0430-4583-A134-992A1C32B554,M,1/1/1981,100,2925,3
BB987256-0430-4583-A134-992A1C32B554,M,1/1/1981,100,2926,5
BB54466A-963E-4075-AA14-D681A4BC0D08,M,1/1/1989,0,2923,5
BB2FE402-6074-4629-A581-45500D53E74B,M,1/1/1966,96,2922,5
BB223B03-FFC9-4F91-9DEE-B3E23E9826A5,M,1/1/1979,27,2919,5
BB223B03-FFC9-4F91-9DEE-B3E23E9826A5,M,1/1/1979,11,2920,5
BB223B03-FFC9-4F91-9DEE-B3E23E9826A5,M,1/1/1979,0,2921,5
BB14C8E4-E1DF-45BA-B675-23C9657DCE8C,M,1/1/1975,100,2918,5
BAFD65D8-3BBD-404C-BD3A-DBF4A02F9DFC,M,1/1/1976,0,2917,5
BAE82B36-965A-4F2C-94C2-D5EBB7FAB39D,M,1/1/1981,100,2914,4
BAE82B36-965A-4F2C-94C2-D5EBB7FAB39D,M,1/1/1981,100,2915,4
BAE82B36-965A-4F2C-94C2-D5EBB7FAB39D,M,1/1/1981,1,2916,4
BAE16FD2-F854-411B-B045-654A96F973C7,M,1/1/1981,94,2913,5
BAD252FD-BFA1-4B62-974B-FE635C7AE769,M,1/1/1967,100,2912,5
BAAE0451-7484-42A2-923B-8F07B29EF911,M,1/1/1971,100,2911,4
BA75DB6A-9EC9-4B1B-86DA-F7AAC4DC9B0E,M,1/1/1973,66,2910,5
BA726DAC-F5A5-4918-AFBF-F71D4279E52D,M,1/1/1971,100,2908,5
BA726DAC-F5A5-4918-AFBF-F71D4279E52D,M,1/1/1971,100,2909,5
BA6A76B0-F117-40E9-9858-5DC5AD86D1A6,M,1/1/1981,99,2907,5
BA418A3B-A287-4168-B0AF-6BF6EB6AF179,M,1/1/1977,100,2903,5
BA418A3B-A287-4168-B0AF-6BF6EB6AF179,M,1/1/1977,100,2904,5
BA418A3B-A287-4168-B0AF-6BF6EB6AF179,M,1/1/1977,100,2905,5
BA418A3B-A287-4168-B0AF-6BF6EB6AF179,M,1/1/1977,100,2906,5
BA3C2207-3831-4553-A1FB-C96FDE4C0B57,M,1/1/1953,51,2902,1
BA12F8C8-E0F7-481F-9A07-5ED68E72D8FC,M,1/1/1969,100,2899,5
BA12F8C8-E0F7-481F-9A07-5ED68E72D8FC,M,1/1/1969,99,2900,5
