"Review ID","Member ID","Book ID","Percentage Completed","Review Rating"
1,000082D9-E62A-45F3-B885-47668D96660D,170201544,1.0000,5
2,002326C3-A6BA-498D-B4F8-8D1FAACFB4EB,130600464,1.0000,4
5,002326C3-A6BA-498D-B4F8-8D1FAACFB4EB,141008164,1.0000,4
10,00676026-9C48-4198-B3F1-303EC7622565,170101806,1.0000,4
15,00A40CDA-F3AF-4194-A4AF-3BE5F8ECB2A0,160303792,1.0000,5
16,00A40CDA-F3AF-4194-A4AF-3BE5F8ECB2A0,170201831,1.0000,3
24,00EF1E9B-CE2C-495C-932B-CE67ECDA9B16,170201532,1.0000,5
26,01161C06-8DD1-4F9E-AE6B-8769411FCF66,161004779,1.0000,5
33,018788DB-0171-4BF3-8C01-348FBF777660,141102286,1.0000,1
39,02115A19-7B31-4D72-8D79-9508DD0BAB60,130703069,1.0000,4
42,024C3288-4568-45F8-9ACA-AB1959E78E4D,161103285,1.0000,5
43,024C3288-4568-45F8-9ACA-AB1959E78E4D,170100574,1.0000,5
44,024C3288-4568-45F8-9ACA-AB1959E78E4D,170100576,1.0000,2
45,024C3288-4568-45F8-9ACA-AB1959E78E4D,170104883,1.0000,4
47,02C57E7C-02B3-4DF0-9B49-FD178F4A348D,140114149,1.0000,4
50,02C57E7C-02B3-4DF0-9B49-FD178F4A348D,140114152,1.0000,4
51,02E30AF5-8AA3-4052-A5C5-1605DF381828,140600122,1.0000,5
52,02E30AF5-8AA3-4052-A5C5-1605DF381828,150601763,1.0000,4
53,02E30AF5-8AA3-4052-A5C5-1605DF381828,150800001,1.0000,5
54,02E30AF5-8AA3-4052-A5C5-1605DF381828,150901380,1.0000,5
55,02E30AF5-8AA3-4052-A5C5-1605DF381828,161205078,1.0000,5
58,02EBAFE4-33BD-4312-9586-E71B43BDC4B4,161106044,1.0000,5
59,02EBAFE4-33BD-4312-9586-E71B43BDC4B4,170200676,1.0000,1
60,02EBAFE4-33BD-4312-9586-E71B43BDC4B4,170201690,1.0000,5
61,02EBAFE4-33BD-4312-9586-E71B43BDC4B4,170201692,1.0000,1
62,02FAAA42-79BD-4617-8AE3-42BE8199BF2F,140702603,1.0000,4
64,037F7C1A-AFAD-4D2B-A098-4DCE8036FEBB,161205078,1.0000,5
65,03887220-DE32-4F5A-AA84-122E2D536ADB,161205033,1.0000,5
66,03E83E7A-93B9-479F-A167-3DA9FC344FB6,160213639,1.0000,5
70,04337AA0-16F7-4F15-9FBE-E01A2AD181A2,110400239,1.0000,3
76,045DECCF-2780-49FB-A603-64B54EB6103E,170109008,1.0000,5
77,048DE17D-A7F3-4E1A-B52A-40410DA00135,160604278,1.0000,2
78,048DE17D-A7F3-4E1A-B52A-40410DA00135,160604279,1.0000,2
79,049473A6-942E-4BB4-9B08-BCDEBC81CB51,151002988,1.0000,5
81,04BF3BCA-E1E0-4E72-B357-927109EEC23E,170108218,1.0000,5
85,058F6F42-6A18-425E-B0AE-A4542EC4D097,120702048,1.0000,4
86,058F6F42-6A18-425E-B0AE-A4542EC4D097,160303792,1.0000,5
92,05B17690-9099-4CEF-AEC3-DF315B8FE3BC,161205078,1.0000,4
93,05BBDA01-D422-4ECA-8999-0959FA335966,170105888,1.0000,3
95,05CB758C-1D11-4E4E-9D8A-31C6B0E74BBC,170108491,1.0000,1
96,05CB758C-1D11-4E4E-9D8A-31C6B0E74BBC,170108492,1.0000,5
98,061E3F51-9F6B-4257-91CA-95F051AC726C,140600122,1.0000,4
99,061E3F51-9F6B-4257-91CA-95F051AC726C,170202072,1.0000,5
102,064D5714-26F6-4D67-8B4F-AC7E9030EE06,150104412,1.0000,5
103,066F99BF-D1F2-47CF-B7B1-CDC059F2CF3D,170108224,1.0000,1
104,066F99BF-D1F2-47CF-B7B1-CDC059F2CF3D,170108225,1.0000,2
105,066F99BF-D1F2-47CF-B7B1-CDC059F2CF3D,170108226,1.0000,1
106,066F99BF-D1F2-47CF-B7B1-CDC059F2CF3D,170108227,1.0000,5
107,06765C5E-A440-4D46-B4D9-4AC638AAD478,160904047,1.0000,5
110,069DAE51-7A15-4B81-ADB3-933F6244A385,150601763,1.0000,5
111,069DAE51-7A15-4B81-ADB3-933F6244A385,160303792,1.0000,3
112,069DAE51-7A15-4B81-ADB3-933F6244A385,170201216,1.0000,5
113,069DAE51-7A15-4B81-ADB3-933F6244A385,170201543,1.0000,5
117,06C3B18D-AB70-4C3B-94FB-0EC8C9B4433A,140901561,1.0000,4
118,06C3B18D-AB70-4C3B-94FB-0EC8C9B4433A,140901562,1.0000,4
122,0713D92C-9696-46AF-B0D8-2417789C064C,120300089,1.0000,4
128,0786814B-76E9-4D6E-B6D3-9184598030A9,170106363,1.0000,3
130,079E07AB-D6A5-4EAD-B003-9777808FB3C9,170201696,1.0000,5
131,07B0FEAA-5F5C-4D72-9A7C-7B1E78A70279,170108223,1.0000,2
132,07B0FEAA-5F5C-4D72-9A7C-7B1E78A70279,170108224,1.0000,1
133,07B0FEAA-5F5C-4D72-9A7C-7B1E78A70279,170108225,1.0000,2
134,07B0FEAA-5F5C-4D72-9A7C-7B1E78A70279,170108226,1.0000,1
142,086CDDDE-433F-4C3F-A79D-02965718BDC7,170201696,1.0000,4
143,08714514-A3E1-4330-8359-62862401DB37,160101009,1.0000,4
144,08714514-A3E1-4330-8359-62862401DB37,160101010,1.0000,4
145,08714514-A3E1-4330-8359-62862401DB37,160101011,1.0000,4
149,08AA15E8-3AE9-4956-883D-97D93528DE02,170200631,1.0000,5
151,093BDCE8-B318-411F-B8FB-613FED845230,170108218,1.0000,5
154,095EB069-326A-45C4-B011-A6DC760F2146,170201831,1.0000,5
156,09A56141-7D86-41A5-AAB0-386DD0F4B5FD,130302159,1.0000,4
158,09ABD15F-9571-4BCC-9A19-D59B043CB08F,140600122,1.0000,4
159,09ABD15F-9571-4BCC-9A19-D59B043CB08F,170201203,1.0000,2
163,09D42CF8-D693-497F-96F9-CA53A0B3DA2C,170201534,1.0000,5
171,0A9766FC-4ED6-4AAE-AD74-702FC6AB916E,170201127,1.0000,5
172,0A987B98-470F-4337-9D11-B10C14FD4655,170201553,1.0000,5
173,0A987B98-470F-4337-9D11-B10C14FD4655,170201554,1.0000,5
174,0AA2C895-DD40-4A2C-8555-3F3D2DAD0651,170108496,1.0000,5
177,0AAB9188-72C3-4B49-BAE1-D2B91FCE51E5,170108218,1.0000,5
179,0AE9E504-75E4-4051-B170-301D3502EB3C,130502996,1.0000,4
180,0AEEFC97-09F2-4C3F-A71C-B4D7DFF23B9E,140703090,1.0000,4
181,0AFAE237-7FE0-4672-B03F-12B087A17B08,160812646,1.0000,5
184,0B64ABC2-CCC5-4897-BA3E-8853D204B0D9,170201543,1.0000,5
185,0B64ABC2-CCC5-4897-BA3E-8853D204B0D9,170201544,1.0000,5
186,0B88D101-AD0D-43A9-AD54-63A5AEDBEF7A,140901474,1.0000,4
187,0BD12972-FEA9-42A4-AD54-C3E8D7016A2B,140904414,1.0000,5
188,0BD3C189-A6E6-4D77-B993-4B0AD977F8AA,170200676,1.0000,4
191,0BE58347-0B21-4A72-BDDF-A5979D20F64A,140600122,1.0000,4
193,0BE58347-0B21-4A72-BDDF-A5979D20F64A,160306367,1.0000,5
194,0BEF3B54-4DCB-41EC-AB69-0530E3CD9F79,160500618,1.0000,5
195,0C1670B2-F502-46C4-B1BB-813322BECF0F,170201921,1.0000,5
196,0C1670B2-F502-46C4-B1BB-813322BECF0F,170202072,1.0000,5
197,0C2BAF16-5EFA-4AC6-B9BE-1707BCF3284B,170201850,1.0000,4
198,0C3326C3-D71E-4A83-ABF3-CB542A48D579,170201831,1.0000,5
199,0C3E60AC-C194-440E-ACF2-636CD7B1C9C6,170108223,1.0000,5
200,0C6A5CC8-6EEC-4418-8478-F37492CBADC8,161101695,1.0000,3
202,0CB62014-F38E-43C7-BF09-7473BBD98833,131200793,1.0000,4
203,0CB62014-F38E-43C7-BF09-7473BBD98833,140230576,1.0000,4
207,0CEADC63-4775-4D69-8778-1E6083F55129,160814789,1.0000,5
209,0D0CBC11-DBFA-4CBA-8DEB-34D801E5150C,161205033,1.0000,5
210,0D0F5F20-CE3B-4698-B829-EF61021CA67B,170108226,1.0000,1
211,0D0F5F20-CE3B-4698-B829-EF61021CA67B,170108227,1.0000,5
216,0D301DC6-78E2-4214-903B-160D2E56DA88,161102706,1.0000,5
217,0D916882-3161-4FED-872A-2405E074FECA,160101007,1.0000,1
219,0D9FDE8D-53F6-4606-9537-CAB68A91DC74,170200740,1.0000,2
220,0D9FDE8D-53F6-4606-9537-CAB68A91DC74,170200741,1.0000,5
222,0DCE8263-A91E-45B6-86A7-0D6DA857CE6A,170201831,1.0000,5
223,0DDF1AA7-5B74-4966-B549-FA8B8E0FD4C9,170201831,1.0000,4
224,0DDF1AA7-5B74-4966-B549-FA8B8E0FD4C9,170201853,1.0000,5
225,0DE2F5B0-6437-4623-B13A-5FE288BFFC52,140114156,1.0000,1
226,0DE2F5B0-6437-4623-B13A-5FE288BFFC52,140114157,1.0000,1
227,0DFE03EA-EB34-49D6-8D48-FC97C02B9BFD,120901045,1.0000,5
228,0DFE03EA-EB34-49D6-8D48-FC97C02B9BFD,120901046,1.0000,5
229,0DFE03EA-EB34-49D6-8D48-FC97C02B9BFD,120901047,1.0000,5
230,0DFE03EA-EB34-49D6-8D48-FC97C02B9BFD,120901048,1.0000,5
231,0DFE03EA-EB34-49D6-8D48-FC97C02B9BFD,120901049,1.0000,5
232,0DFE03EA-EB34-49D6-8D48-FC97C02B9BFD,120901050,1.0000,5
234,0E0F7BF8-3599-4EED-8915-DE3FA72CDB21,151001781,1.0000,4
235,0E0F7BF8-3599-4EED-8915-DE3FA72CDB21,151001782,1.0000,4
236,0E0F7BF8-3599-4EED-8915-DE3FA72CDB21,151001783,1.0000,4
237,0E0F7BF8-3599-4EED-8915-DE3FA72CDB21,151001784,1.0000,5
239,0E0F7BF8-3599-4EED-8915-DE3FA72CDB21,161200554,1.0000,5
240,0E0F7BF8-3599-4EED-8915-DE3FA72CDB21,170201594,1.0000,5
243,0E4061E5-16E1-49F9-B65F-F949F8BA50E7,170104803,1.0000,3
244,0E44F446-7F0B-4E2C-A564-3E6D27D52490,150200580,1.0000,3
245,0E6C3EBD-50A4-4BA2-A6FE-31F0DCCDA0FF,161205033,1.0000,5
246,0E713851-B0A8-4E1D-8F60-C5C8A9885512,170201921,1.0000,5
247,0E713851-B0A8-4E1D-8F60-C5C8A9885512,170202072,1.0000,5
248,0E7E6513-ED34-488D-AC55-958F3186F75B,170201539,1.0000,2
252,0EDC7422-2445-4C9C-AD58-4035D414DA76,160604186,1.0000,5
253,0EDC7422-2445-4C9C-AD58-4035D414DA76,170200740,1.0000,5
255,0EE7D6FB-8D8E-4C69-A365-186D39566DAB,141003560,1.0000,4
256,0EE7D6FB-8D8E-4C69-A365-186D39566DAB,141008372,1.0000,4
257,0EE98AC9-D138-438D-889F-B266199F4704,170102096,1.0000,1
258,0EE98AC9-D138-438D-889F-B266199F4704,170102103,1.0000,5
259,0EF2AB02-F8A8-427F-99C9-9A1985F28AD5,170108495,1.0000,5
261,0F2B6A48-AC29-4990-9BBB-C0FBD1C16FAA,150403676,1.0000,5
263,0F49D36D-0046-40CB-8422-E69DCEC401EA,170201694,1.0000,5
264,0F4FA30B-37D1-474E-809F-926857C47A73,140114156,1.0000,1
265,0F4FA30B-37D1-474E-809F-926857C47A73,140114157,1.0000,1
266,0F4FA30B-37D1-474E-809F-926857C47A73,140114161,1.0000,5
267,0F76D871-0A9C-46A2-B838-6B00816866FC,120601838,1.0000,4
268,0F76D871-0A9C-46A2-B838-6B00816866FC,130901853,1.0000,4
269,10065848-753A-438E-A588-350B09D5FD6F,140114152,1.0000,4
272,1073AAE5-7AAF-4E18-92A4-80B6C1B30C8E,170108230,1.0000,5
273,10ADEBC9-4647-4B4D-9EDD-3F8ADAC15B12,170201694,1.0000,5
275,10D4720E-ED09-4D22-A75E-306045800B29,151104073,1.0000,5
279,10FAE12A-AEFE-4678-A50E-10E0D32227D0,170201203,1.0000,5
280,11112AEB-32AB-4C91-8EE2-7716683F58A0,160303792,1.0000,5
286,11696187-D1D3-4A35-B2F2-F1F9012482C0,170201192,1.0000,5
289,118150B1-A008-48F2-A6CB-1420905CB05F,160903370,1.0000,4
290,118150B1-A008-48F2-A6CB-1420905CB05F,161104334,1.0000,5
292,118150B1-A008-48F2-A6CB-1420905CB05F,161200545,1.0000,5
293,118150B1-A008-48F2-A6CB-1420905CB05F,170201895,1.0000,5
294,1193E896-6646-48D0-9B7F-FA7E580DA24D,140702747,1.0000,4
295,1193E896-6646-48D0-9B7F-FA7E580DA24D,140702748,1.0000,4
296,1193E896-6646-48D0-9B7F-FA7E580DA24D,140702749,1.0000,5
297,1193E896-6646-48D0-9B7F-FA7E580DA24D,140702750,1.0000,4
298,1193E896-6646-48D0-9B7F-FA7E580DA24D,140702751,1.0000,4
299,1193E896-6646-48D0-9B7F-FA7E580DA24D,140702752,1.0000,4
300,1193E896-6646-48D0-9B7F-FA7E580DA24D,140702753,1.0000,4
305,11FFC570-74E7-44CB-987E-6B20D2F5CE3A,160303789,1.0000,5
306,11FFC570-74E7-44CB-987E-6B20D2F5CE3A,170200118,1.0000,5
307,12338170-3DF7-435C-BB0A-318E07355BDA,170107656,1.0000,1
308,126068CB-6751-48F3-9262-FD8618A27758,160210619,1.0000,5
309,126068CB-6751-48F3-9262-FD8618A27758,160602385,1.0000,5
316,129A9331-A9E0-44AF-9CD0-AE1B50FF1667,160702265,1.0000,4
318,129A9331-A9E0-44AF-9CD0-AE1B50FF1667,160702271,1.0000,5
320,129A9331-A9E0-44AF-9CD0-AE1B50FF1667,161101437,1.0000,5
322,129A9331-A9E0-44AF-9CD0-AE1B50FF1667,170108301,1.0000,4
323,12C167F9-939B-429E-8C1D-13FEBE11126A,170201153,1.0000,5
325,12CA662D-002B-43FF-B7A5-C4FB67B27B34,130801235,1.0000,5
334,132CA0A8-3D4A-4611-B616-96B5E8C098D6,170101798,1.0000,5
335,132CA0A8-3D4A-4611-B616-96B5E8C098D6,170200848,1.0000,3
336,132CA0A8-3D4A-4611-B616-96B5E8C098D6,170200850,1.0000,5
339,1335BBEC-56FF-40CF-AD17-0985243DAEC8,140703067,1.0000,4
340,135D65D7-0A01-4D4B-99FA-93F1955961A4,161000639,1.0000,5
343,13B82F87-BB07-41B7-B7F4-6EE338AE910D,120700305,1.0000,3
344,13F32C9C-2A20-43FB-87D4-D0A1F04AD67D,170201216,1.0000,5
346,1413AAF6-FC2F-4CF7-B7FF-0E6790EAB7E1,140306385,1.0000,5
349,14533BA3-07A4-456D-A0F3-85B53F1DF5AC,170108416,1.0000,5
351,1454047A-E993-4B78-B915-47D8454DC42D,110600434,1.0000,4
352,1477255C-6478-4C51-9909-B9EFEA35CA1B,170200631,1.0000,5
354,147FB395-37CF-4667-8FC4-C8B1E740C209,140114147,1.0000,4
355,147FB395-37CF-4667-8FC4-C8B1E740C209,140114148,1.0000,4
356,147FB395-37CF-4667-8FC4-C8B1E740C209,140114149,1.0000,4
358,14A8C702-5AD7-4E96-9BBF-D89E38EAAB6D,170201696,1.0000,5
359,14C96A2B-25A6-41FE-BBDA-1C27E0181699,170201694,1.0000,5
360,1524E643-3943-4A3A-8584-B2FFE76B104B,140114149,1.0000,4
361,1524E643-3943-4A3A-8584-B2FFE76B104B,140114150,1.0000,4
362,1581DF85-6DAA-4BC4-B717-8CEC1D662DD2,161202844,1.0000,5
363,1595EB62-6189-405E-8F0B-A6800A0E6BAE,150901380,1.0000,5
364,15A0002E-9777-4133-81DD-DF8AD6BBC291,131100762,1.0000,5
369,15E6A39F-DFCB-496A-81F7-560CA4BCC9B2,170201542,1.0000,5
370,15E6A39F-DFCB-496A-81F7-560CA4BCC9B2,170201543,1.0000,2
371,15E6A39F-DFCB-496A-81F7-560CA4BCC9B2,170201544,1.0000,5
374,1617E514-0235-4F05-8E63-21D3BD6E5265,161108349,1.0000,5
375,1617E514-0235-4F05-8E63-21D3BD6E5265,161108355,1.0000,5
376,1631D355-6B81-4D6E-8C3D-8F6D8DD2C097,170201216,1.0000,5
379,16BA4298-ACCD-469B-B390-5E870EC2E320,161208160,1.0000,5
380,16BA4298-ACCD-469B-B390-5E870EC2E320,170201916,1.0000,5
381,16CC14EF-49C2-4E09-AA36-C7F8131690EC,160303792,1.0000,5
382,16CC14EF-49C2-4E09-AA36-C7F8131690EC,170201831,1.0000,5
386,172A2C3A-C197-4726-B169-AA561EDC3443,140503592,1.0000,4
387,172A2C3A-C197-4726-B169-AA561EDC3443,140503593,1.0000,4
388,172A2C3A-C197-4726-B169-AA561EDC3443,140503594,1.0000,4
389,1732AE84-5757-4FA5-B5B8-D38B448D274B,160303789,1.0000,5
395,17715E8B-E34B-47DC-B54A-A54C3536A22F,160303789,1.0000,5
396,17715E8B-E34B-47DC-B54A-A54C3536A22F,170201543,1.0000,5
397,17715E8B-E34B-47DC-B54A-A54C3536A22F,170201544,1.0000,5
399,179DE9B3-A9B0-4666-A55C-88CED7063BD8,150402747,1.0000,5
400,179DE9B3-A9B0-4666-A55C-88CED7063BD8,150600434,1.0000,5
401,179DE9B3-A9B0-4666-A55C-88CED7063BD8,150600435,1.0000,5
402,179DE9B3-A9B0-4666-A55C-88CED7063BD8,150800180,1.0000,5
403,179DE9B3-A9B0-4666-A55C-88CED7063BD8,150800181,1.0000,5
407,1899151E-8AB2-4A67-8AEC-91779BAA6409,170200850,1.0000,5
410,18DA5428-169E-4719-BEC9-89097F806B73,160206842,1.0000,5
412,18EA1B5A-1FC9-4570-8B35-9A5571D285F4,140114156,1.0000,1
413,18EA1B5A-1FC9-4570-8B35-9A5571D285F4,140114157,1.0000,1
418,19451354-505E-4E6E-BA41-96BEDBDC9DE0,160604186,1.0000,5
419,19451354-505E-4E6E-BA41-96BEDBDC9DE0,170200740,1.0000,5
420,19451354-505E-4E6E-BA41-96BEDBDC9DE0,170200741,1.0000,5
421,195412B5-3C5D-41DB-9F03-515E52ABA962,170201831,1.0000,5
423,195FF1F1-2ECC-4D61-802D-AB08BDBBDCB1,151201447,1.0000,5
424,195FF1F1-2ECC-4D61-802D-AB08BDBBDCB1,151201448,1.0000,5
425,19C6342D-1390-446E-BF13-B54C97C08804,160603472,1.0000,4
426,19C6342D-1390-446E-BF13-B54C97C08804,160603475,1.0000,5
427,19C6342D-1390-446E-BF13-B54C97C08804,160603476,1.0000,5
428,19D2198D-C38D-49B4-A11A-8E137FD75699,150200297,1.0000,4
429,19F33337-446C-4A80-9DFA-2DE7DE15E68C,160303792,1.0000,5
430,19FFAC5C-01AF-4216-A3B2-B1D41D0C3CDD,120800178,1.0000,4
432,1A22380F-B8B6-48EB-9756-C4E5BB58E3C4,170201831,1.0000,5
433,1A2285AB-D636-44B4-97FF-90D387D12255,170201694,1.0000,5
434,1A91E735-C766-47F8-A1C9-81A60B2A8385,170201127,1.0000,5
436,1A9FDD8B-9097-43B8-AB44-377153F8F2D9,160815067,1.0000,5
437,1A9FDD8B-9097-43B8-AB44-377153F8F2D9,170200676,1.0000,1
439,1AC0282F-6929-44C6-9A56-E34C84020ACE,161200549,1.0000,4
440,1AC0282F-6929-44C6-9A56-E34C84020ACE,161200550,1.0000,5
441,1AC85901-9CC2-4B67-B995-41B3E4597BFC,110600629,1.0000,4
442,1AC85901-9CC2-4B67-B995-41B3E4597BFC,110600630,1.0000,4
443,1AC85901-9CC2-4B67-B995-41B3E4597BFC,110600631,1.0000,4
445,1AF99CD5-AA38-46AA-B19B-4089A4EC26EA,170201696,1.0000,4
446,1AF99CD5-AA38-46AA-B19B-4089A4EC26EA,170201831,1.0000,5
447,1B09EB76-DC49-4FED-B1D9-1B0E4E3912E1,141007971,1.0000,1
448,1B14F0BA-C096-49AC-9055-8D27EE4FD48E,141004989,1.0000,4
450,1B1653D8-0A79-4A75-A30A-ABD2476F999E,160203162,1.0000,5
451,1B1653D8-0A79-4A75-A30A-ABD2476F999E,160303792,1.0000,5
452,1B1653D8-0A79-4A75-A30A-ABD2476F999E,170201831,1.0000,5
454,1B8A8EA8-4D59-454B-BCBB-069E4A92A808,170201831,1.0000,5
455,1B99B4F7-C992-4343-96AE-CE675A795EA9,160303792,1.0000,3
456,1BA983A2-2659-4061-A4FE-E1533A5C3D31,170105888,1.0000,5
458,1BDCC55F-FD3C-411E-B7E8-249609BD6C85,170201694,1.0000,5
459,1C0BB4E9-ADD8-4948-957B-A244A75D642C,170201543,1.0000,5
460,1C0BB4E9-ADD8-4948-957B-A244A75D642C,170201544,1.0000,5
461,1C13A807-6FFD-4423-A551-76EC12EBBDB3,140114147,1.0000,4
462,1C13A807-6FFD-4423-A551-76EC12EBBDB3,140114148,1.0000,4
464,1C2B0D2C-0710-48EB-A31D-EDECDDA494D6,170105888,1.0000,3
465,1C2B0D2C-0710-48EB-A31D-EDECDDA494D6,170200631,1.0000,5
470,1C9F4A9C-A183-4C02-B82D-6C78F0CBACE1,170200118,1.0000,2
471,1C9F4A9C-A183-4C02-B82D-6C78F0CBACE1,170200631,1.0000,5
473,1CA666A9-BC66-4579-A73A-15813AB2DC7A,160303792,1.0000,4
477,1CEEE74F-65DE-4653-88E2-FCF5C3CA1FBF,140401128,1.0000,4
478,1CEEE74F-65DE-4653-88E2-FCF5C3CA1FBF,140401129,1.0000,4
479,1CEEE74F-65DE-4653-88E2-FCF5C3CA1FBF,140401130,1.0000,4
480,1CEEE74F-65DE-4653-88E2-FCF5C3CA1FBF,140401131,1.0000,4
481,1CEEE74F-65DE-4653-88E2-FCF5C3CA1FBF,140401132,1.0000,4
482,1CEEE74F-65DE-4653-88E2-FCF5C3CA1FBF,140401133,1.0000,4
483,1CEEE74F-65DE-4653-88E2-FCF5C3CA1FBF,140401134,1.0000,5
484,1CEEE74F-65DE-4653-88E2-FCF5C3CA1FBF,140401135,1.0000,4
485,1CEEE74F-65DE-4653-88E2-FCF5C3CA1FBF,140401136,1.0000,4
486,1CEEE74F-65DE-4653-88E2-FCF5C3CA1FBF,140401137,1.0000,4
487,1CEEE74F-65DE-4653-88E2-FCF5C3CA1FBF,140401138,1.0000,5
488,1CEEE74F-65DE-4653-88E2-FCF5C3CA1FBF,140401139,1.0000,5
489,1CEEE74F-65DE-4653-88E2-FCF5C3CA1FBF,140401140,1.0000,4
490,1CEEE74F-65DE-4653-88E2-FCF5C3CA1FBF,140401141,1.0000,4
491,1CEEE74F-65DE-4653-88E2-FCF5C3CA1FBF,140401142,1.0000,4
492,1CEEE74F-65DE-4653-88E2-FCF5C3CA1FBF,140401143,1.0000,4
493,1CEEE74F-65DE-4653-88E2-FCF5C3CA1FBF,140401144,1.0000,4
494,1CEEE74F-65DE-4653-88E2-FCF5C3CA1FBF,140401145,1.0000,4
495,1CEEE74F-65DE-4653-88E2-FCF5C3CA1FBF,140401146,1.0000,4
496,1CEEE74F-65DE-4653-88E2-FCF5C3CA1FBF,140401147,1.0000,4
497,1CEEE74F-65DE-4653-88E2-FCF5C3CA1FBF,140401148,1.0000,4
498,1CEEE74F-65DE-4653-88E2-FCF5C3CA1FBF,140401149,1.0000,4
499,1CEEE74F-65DE-4653-88E2-FCF5C3CA1FBF,140401150,1.0000,4
500,1CEEE74F-65DE-4653-88E2-FCF5C3CA1FBF,140401151,1.0000,4
503,1D76E57F-0F6F-477C-A48B-BE9F2E3A3E6D,130801240,1.0000,4
505,1D927EC9-C99C-480F-AF1E-C2C48E93A598,170201831,1.0000,5
506,1D98394E-FCA9-4410-84A0-55D91DD8E716,170200448,1.0000,5
507,1D98394E-FCA9-4410-84A0-55D91DD8E716,170201895,1.0000,5
509,1DEEA831-096F-4ADF-9461-C9CD4554A74A,160212077,1.0000,5
510,1E28304B-2B47-4FBC-9630-52FAD1484E7F,170106363,1.0000,2
511,1EBB13A6-30A1-4EC4-AB08-03FDA0CECD11,160800646,1.0000,5
515,1F5C2DF7-8999-4E99-8392-D0BC34065E3A,140203586,1.0000,5
517,1F981D10-AAAA-4668-902C-91B656A2B541,100200144,1.0000,4
517,1F981D10-AAAA-4668-902C-91B656A2B541,100200144,1.0000,4
517,1F981D10-AAAA-4668-902C-91B656A2B541,100200144,1.0000,4
518,1F981D10-AAAA-4668-902C-91B656A2B541,100200145,1.0000,4
518,1F981D10-AAAA-4668-902C-91B656A2B541,100200145,1.0000,4
518,1F981D10-AAAA-4668-902C-91B656A2B541,100200145,1.0000,4
519,1FCF6803-F6C9-4B8E-B849-D982F149821D,151006069,1.0000,4
521,1FE037A9-D044-46BA-94DC-18F8A7273300,170107640,1.0000,2
522,201F6F80-5E6A-44B1-9E73-E954B252219A,150604808,1.0000,5
523,201F6F80-5E6A-44B1-9E73-E954B252219A,161104159,1.0000,5
524,202DED22-9815-484E-85BE-C52143A4124D,170108261,1.0000,5
526,2044E31F-164F-44D4-97E8-712556D308F9,161200000,1.0000,5
528,20507AC7-919D-42A2-9771-63F8B2D07F8E,170201192,1.0000,5
529,20675FD6-BACD-4D8A-BC7B-0A59FE594B9E,160117644,1.0000,5
530,20675FD6-BACD-4D8A-BC7B-0A59FE594B9E,160117645,1.0000,4
532,20A6E404-123D-4D4C-B390-3E1A6FDCA1D3,150200580,1.0000,3
536,20BCD26B-D7B4-43FC-92B6-53F151766445,170201203,1.0000,5
537,20C6DDBB-CAAD-41C8-A1EA-CD32D3A28683,160703645,1.0000,5
538,20EDA3F3-F895-4ECA-AE08-4596819B1304,160303792,1.0000,5
545,21A86419-58FF-417E-92F6-652D1C700FEE,170201539,1.0000,5
546,21CD443D-E7B5-4288-BC6D-9424125DA386,140403565,1.0000,1
547,21FC7AE6-0BF9-441A-9401-404D10F7E978,130901820,1.0000,4
548,21FC7AE6-0BF9-441A-9401-404D10F7E978,130901825,1.0000,4
549,2202666F-726B-474C-B4EE-C70DC36822FE,140114147,1.0000,1
550,2202666F-726B-474C-B4EE-C70DC36822FE,140114148,1.0000,4
551,2202666F-726B-474C-B4EE-C70DC36822FE,140114149,1.0000,4
552,2202666F-726B-474C-B4EE-C70DC36822FE,140114150,1.0000,4
553,2202666F-726B-474C-B4EE-C70DC36822FE,140114151,1.0000,4
554,2202666F-726B-474C-B4EE-C70DC36822FE,140114152,1.0000,4
555,2202666F-726B-474C-B4EE-C70DC36822FE,140114153,1.0000,4
557,2240E3F0-1EDA-43C6-8531-8FFF43749842,161205078,1.0000,2
558,2240E3F0-1EDA-43C6-8531-8FFF43749842,170201831,1.0000,5
559,22513C78-15DD-4B9D-9169-C0FE4D62B0AA,140904417,1.0000,5
563,22620511-62CD-48F0-9BA6-931E92104855,130400446,1.0000,4
564,22620511-62CD-48F0-9BA6-931E92104855,150602393,1.0000,5
565,22620511-62CD-48F0-9BA6-931E92104855,161000513,1.0000,5
568,22EEFA6E-B3D5-4929-ABB7-7C9EB4241ED8,141103516,1.0000,4
569,22EEFA6E-B3D5-4929-ABB7-7C9EB4241ED8,141103517,1.0000,4
570,22EEFA6E-B3D5-4929-ABB7-7C9EB4241ED8,150202136,1.0000,4
572,22EFA51E-8D5E-4EA9-B9F3-118974A3A7BD,140705773,1.0000,4
578,23675F3D-AFF2-4404-8634-24BD9011C191,170200631,1.0000,5
579,23753B0E-308C-48B4-BA81-A4B6508F734C,140114156,1.0000,1
580,23753B0E-308C-48B4-BA81-A4B6508F734C,140114157,1.0000,1
581,23753B0E-308C-48B4-BA81-A4B6508F734C,170108218,1.0000,5
582,23C74293-3B0D-40C2-A7BF-854898F12984,140901561,1.0000,4
583,23C74293-3B0D-40C2-A7BF-854898F12984,140901562,1.0000,4
586,2450E741-8468-4F11-99EC-B53AF3B69BAC,140705767,1.0000,4
590,24E92A45-4C76-4DDB-8AD4-32988449624F,161003688,1.0000,5
591,24E92A45-4C76-4DDB-8AD4-32988449624F,161003689,1.0000,5
592,24E92A45-4C76-4DDB-8AD4-32988449624F,161003690,1.0000,1
593,24E92A45-4C76-4DDB-8AD4-32988449624F,161003691,1.0000,5
594,24E92A45-4C76-4DDB-8AD4-32988449624F,161003692,1.0000,1
596,251268C9-C5C1-4A7E-9BA4-E0E823333974,170108225,1.0000,2
598,251268C9-C5C1-4A7E-9BA4-E0E823333974,170108227,1.0000,5
599,251ECEB5-B3A5-4010-AC98-6A1227C5D03A,170201831,1.0000,5
601,2540D413-2805-4B74-8813-7E29E976675E,161100985,1.0000,1
602,2540D413-2805-4B74-8813-7E29E976675E,161100986,1.0000,5
605,25765BC3-14B9-496A-97F5-2F956B666D47,141000673,1.0000,4
606,25765BC3-14B9-496A-97F5-2F956B666D47,141000675,1.0000,4
607,25765BC3-14B9-496A-97F5-2F956B666D47,141000677,1.0000,5
608,25A8B707-D8BA-46A6-BEDA-6307873AC4D0,170109320,1.0000,5
609,25AA379B-0701-4351-8FF9-6371464F265E,150804423,1.0000,5
610,25C4B3D7-4F24-4D17-BD38-92EF69B75F64,170201127,1.0000,4
612,25D8B92D-09C0-4313-BB0A-0BB8ED7F90F8,170201831,1.0000,5
615,263B8E3F-787F-4BD0-B610-47A30E3B7573,140901559,1.0000,1
616,263B8E3F-787F-4BD0-B610-47A30E3B7573,140901560,1.0000,4
620,265C1261-9EB0-452D-90F8-1F3C35535145,110600434,1.0000,4
624,27227662-EBF1-47E3-9B78-C31D9A85BDEE,140703067,1.0000,4
625,2735DD09-92E0-48E0-9F51-A45BFB91832C,170109199,1.0000,5
627,277ABA76-0C22-4813-923D-9CD622F78E15,170108226,1.0000,1
628,277ABA76-0C22-4813-923D-9CD622F78E15,170108227,1.0000,5
629,277ABA76-0C22-4813-923D-9CD622F78E15,170108230,1.0000,5
631,2798A49A-0C35-4430-A0CC-6C7CFF505A26,170201921,1.0000,5
632,279BDF88-B6C3-40D5-8EC0-D6316E748044,160303792,1.0000,5
633,279D3AF0-2CCF-4CAF-ACDD-C8F31041D821,170200184,1.0000,5
635,27DC3C5C-7C5E-488C-9B65-079690D0A3B8,170109199,1.0000,5
636,27F14073-08CC-4081-9908-022119CFFD93,170108416,1.0000,5
640,2830E795-2698-4B48-B381-0932DC32DF38,150100540,1.0000,3
641,2830E795-2698-4B48-B381-0932DC32DF38,150100541,1.0000,4
642,2830E795-2698-4B48-B381-0932DC32DF38,150100543,1.0000,4
644,28B93264-2151-4D87-969F-8915DD790D54,170104748,1.0000,5
645,28C8AC07-6838-4B3A-A6F2-EAB8D92E4BE4,121001637,1.0000,5
647,28D87A87-38B7-4AA1-BDE9-1B4E4527C61E,150502091,1.0000,5
649,28F5C760-77D2-46A2-BFE7-5E7EB8B9D9D9,160702303,1.0000,3
652,299BCDC2-E13E-459E-8877-2956581BA85E,170201831,1.0000,5
654,29AD7F4C-557E-4A98-95D1-02B76B4BE6DD,170108230,1.0000,5
656,29C4020D-D2FC-4FED-84E9-DF7688C908D4,170200171,1.0000,4
657,29C6B46B-7646-4B9F-9DFE-DDC42C99250D,150901380,1.0000,5
658,29C6B46B-7646-4B9F-9DFE-DDC42C99250D,160605001,1.0000,5
660,2A0392CD-1B6C-47E3-91A7-5C3935A48612,170201216,1.0000,5
661,2A047086-EE23-4F18-850D-0B9AE45E32E4,160303792,1.0000,5
662,2A0B2038-EEA8-4181-9EEB-4689A08A9425,170108262,1.0000,5
663,2A192EA4-CD68-4A66-9662-8ACFCC5A9A78,150800979,1.0000,5
665,2A1D05D1-B88F-4B4E-B1AD-A80167E9DB94,160701042,1.0000,5
667,2A2205EF-4534-417B-B993-8FC2AF91FF81,161005088,1.0000,5
668,2A6411DC-E559-411A-B178-F9A95D85512A,160700156,1.0000,5
669,2A6411DC-E559-411A-B178-F9A95D85512A,160700157,1.0000,5
670,2A6411DC-E559-411A-B178-F9A95D85512A,160700158,1.0000,5
676,2BAE28B5-E1C5-47D8-87AA-3A6A7EFE6C72,170200741,1.0000,4
677,2BC9D1A1-973D-465B-B40A-0694638C23DF,170201831,1.0000,5
678,2BC9D1A1-973D-465B-B40A-0694638C23DF,170202077,1.0000,5
679,2BECF249-41D6-4DCC-84E1-B2E229FA290F,130200659,1.0000,4
680,2BECF249-41D6-4DCC-84E1-B2E229FA290F,130200660,1.0000,4
681,2C0C794A-8E33-4391-9969-27DD44DB56F0,170108222,1.0000,5
682,2C0C794A-8E33-4391-9969-27DD44DB56F0,170108223,1.0000,5
683,2C20C8A5-3D70-453C-BD00-3F9AD8814BC1,160701042,1.0000,5
685,2C37F982-F5EF-4F51-A701-CE8B49089EAC,161200103,1.0000,4
687,2C68ABED-F261-4A18-85BA-4EE18C7C0D69,150604808,1.0000,5
689,2C68ABED-F261-4A18-85BA-4EE18C7C0D69,170201593,1.0000,5
690,2C767419-7C97-4087-A1A9-7515482F38A3,160306899,1.0000,2
691,2C767419-7C97-4087-A1A9-7515482F38A3,170108218,1.0000,5
693,2CC02BDD-5F5A-4FF7-97CB-73C940B1BF57,130200571,1.0000,4
695,2CE814B0-155C-477C-B473-A0CAE33E406B,140404616,1.0000,5
697,2CE814B0-155C-477C-B473-A0CAE33E406B,170202072,1.0000,5
698,2CF1735F-53E9-4090-8046-90A5DBC32926,170107909,1.0000,5
703,2CF6B624-D9B6-4292-AB64-9EFDE58F0733,120302342,1.0000,4
704,2CF6B624-D9B6-4292-AB64-9EFDE58F0733,170201216,1.0000,4
705,2D3171F5-B3FC-4C36-9848-21D75DBA66F9,170108487,1.0000,5
706,2D54DAF3-8D85-42C2-9D4B-F9B1628241EC,170101795,1.0000,5
707,2D6EA55D-BAAC-48D6-BCE3-0497DD167C8D,170108227,1.0000,5
708,2D6EA55D-BAAC-48D6-BCE3-0497DD167C8D,170108230,1.0000,5
711,2D9AD7A1-51D0-42E3-8FC3-8C56867255CF,150301952,1.0000,4
712,2DD559C4-96B0-489F-8A11-9B7BEED17201,170201542,1.0000,5
713,2DD559C4-96B0-489F-8A11-9B7BEED17201,170201543,1.0000,5
714,2DD559C4-96B0-489F-8A11-9B7BEED17201,170201544,1.0000,5
716,2DDB14AF-80D1-4D60-9910-1A459A505169,170109199,1.0000,5
718,2E53EFAF-FFDF-446B-A526-52A29394C80C,130703173,1.0000,4
719,2E53EFAF-FFDF-446B-A526-52A29394C80C,130703174,1.0000,4
720,2E747D3D-66E2-45AA-992F-5A3698213E5E,170201831,1.0000,5
722,2E8EDDA3-2D76-46D2-A50D-A66AADB08A2A,160815067,1.0000,5
723,2E8EDDA3-2D76-46D2-A50D-A66AADB08A2A,170200676,1.0000,5
726,2EA9CC4D-6416-4922-A3C5-96D9A34CDC7A,160110271,1.0000,5
730,2EEC0399-7012-4D17-8044-B8BC40A7C00F,170201876,1.0000,5
731,2EEC0399-7012-4D17-8044-B8BC40A7C00F,170201877,1.0000,5
732,2EEC0399-7012-4D17-8044-B8BC40A7C00F,170201878,1.0000,5
733,2EEC0399-7012-4D17-8044-B8BC40A7C00F,170201881,1.0000,4
735,2EEECF07-1F93-46A6-A584-018FA642F813,140705767,1.0000,4
736,2EEECF07-1F93-46A6-A584-018FA642F813,140705768,1.0000,4
738,2F5537AF-FD41-4089-8D8B-02A9C1964DFC,161004403,1.0000,3
740,2FB5C148-7792-4C85-B64C-73E2FEBFF614,160401970,1.0000,5
741,2FB5C148-7792-4C85-B64C-73E2FEBFF614,160401971,1.0000,5
745,30339CEF-939A-4B20-97AF-647DDB7DA5B0,131003064,1.0000,4
746,30339CEF-939A-4B20-97AF-647DDB7DA5B0,160303792,1.0000,5
747,30339CEF-939A-4B20-97AF-647DDB7DA5B0,170201216,1.0000,5
748,30339CEF-939A-4B20-97AF-647DDB7DA5B0,170201831,1.0000,5
749,30339CEF-939A-4B20-97AF-647DDB7DA5B0,170202077,1.0000,5
750,3038B55F-61CE-4418-BC9D-6CF7F81310BA,170201831,1.0000,5
752,30422BE3-AE97-462D-A273-F953FCAA911F,170201599,1.0000,1
757,308C881E-D927-4352-BDD3-9ED313EB61F0,170201876,1.0000,5
761,30C6C37E-870C-4B93-B2A2-0FC1BE0A03D5,170201831,1.0000,5
762,3138E509-7705-44A0-8406-6F55DE9F8BFF,160902509,1.0000,4
763,3138E509-7705-44A0-8406-6F55DE9F8BFF,161104893,1.0000,5
765,31C91B5C-5A5F-4547-B488-0D9D2A2D3748,160307421,1.0000,5
766,31C91B5C-5A5F-4547-B488-0D9D2A2D3748,160307422,1.0000,5
767,31CA9596-19CE-4739-B46C-EE7BCD28C01C,150901414,1.0000,5
768,31D6B6F0-997D-430C-88E3-7213DD689D3D,160814917,1.0000,4
769,31D6B6F0-997D-430C-88E3-7213DD689D3D,160814918,1.0000,5
770,3201DA44-CD9E-45B9-9B58-16BAC2C9F4FE,170108226,1.0000,1
774,32DE40E1-250D-4E83-BFFD-B85B7658171D,160303792,1.0000,5
775,32DE40E1-250D-4E83-BFFD-B85B7658171D,170200631,1.0000,5
776,32F25F59-2EB9-4736-BFA5-C1F5589145FF,120400548,1.0000,4
780,33231FD7-B19E-4B94-BE01-AAB584530D3C,141003908,1.0000,5
781,332ADD31-B5B1-45A3-94ED-EE47A3A60DC5,150800753,1.0000,5
784,3347FA28-F278-4648-BD82-34EDAB3612D4,151201496,1.0000,2
785,339DED3F-CE1C-4828-A1F3-4AFA2691D391,130500207,1.0000,4
786,33ADFBAC-604B-40B8-9DAF-FA550C4742B8,151100830,1.0000,5
788,33ADFBAC-604B-40B8-9DAF-FA550C4742B8,170201831,1.0000,5
789,33DC070C-E8A5-47AB-9D3B-389E14ADC036,140114152,1.0000,4
790,33DC070C-E8A5-47AB-9D3B-389E14ADC036,140114153,1.0000,4
794,34706C8A-A79F-4D9E-9A3A-EE2FEF870D0C,120303037,1.0000,5
795,34706C8A-A79F-4D9E-9A3A-EE2FEF870D0C,150104795,1.0000,5
798,347FED48-1D1C-43A5-AED8-81E2ADFCC0CD,160504083,1.0000,4
799,347FED48-1D1C-43A5-AED8-81E2ADFCC0CD,160504084,1.0000,5
800,347FED48-1D1C-43A5-AED8-81E2ADFCC0CD,160504085,1.0000,5
801,347FED48-1D1C-43A5-AED8-81E2ADFCC0CD,160504086,1.0000,4
804,34A1472F-15D2-4139-9506-130FC784DBD3,160303792,1.0000,5
806,34B5EF80-3314-495E-A61E-E60DDB7A3D58,161000493,1.0000,5
807,34B5EF80-3314-495E-A61E-E60DDB7A3D58,161103665,1.0000,5
808,34B8EA10-8051-4606-816F-E1ABE951D088,161108488,1.0000,5
810,34BF5818-5DDB-49A7-991D-C8DBF75E0425,170201543,1.0000,5
811,34BF5818-5DDB-49A7-991D-C8DBF75E0425,170201544,1.0000,5
812,34CC7A34-1C22-46E0-98FB-DD6254A1218A,110700543,1.0000,5
813,34CC7A34-1C22-46E0-98FB-DD6254A1218A,110900007,1.0000,5
814,3511C0EF-B950-424B-9619-DB88E0CE087E,170107640,1.0000,4
815,35203C56-16A2-4286-93CD-1EC2BB519A16,160117640,1.0000,4
817,35854F4D-0F24-4516-9408-C3F0C0892B90,161205078,1.0000,5
818,35854F4D-0F24-4516-9408-C3F0C0892B90,170201831,1.0000,5
825,35FBAAE9-D5C9-4EB4-A7F3-DA90DD6AE267,140904417,1.0000,5
826,3602F506-2908-4777-8DA3-F2DC6A94A2A9,170201543,1.0000,5
827,3602F506-2908-4777-8DA3-F2DC6A94A2A9,170201544,1.0000,5
828,3602F506-2908-4777-8DA3-F2DC6A94A2A9,170201831,1.0000,3
829,36172D5C-0CE4-4104-B0BC-06A70203A89F,170201694,1.0000,5
830,364DA6C1-B145-4313-AE2E-44DBEAB5C025,170104803,1.0000,2
831,3653CC48-8042-4998-B4DD-94F1CA210FD1,161003688,1.0000,3
833,3653CC48-8042-4998-B4DD-94F1CA210FD1,161101436,1.0000,5
834,3653CC48-8042-4998-B4DD-94F1CA210FD1,161101437,1.0000,5
835,3653CC48-8042-4998-B4DD-94F1CA210FD1,161101438,1.0000,4
838,3674E576-7C62-4629-9685-0392F3975DF1,130801241,1.0000,4
839,3674E576-7C62-4629-9685-0392F3975DF1,140703067,1.0000,4
842,36CD8FE6-429B-46B9-84AB-5534656D87CD,130800812,1.0000,4
843,36CD8FE6-429B-46B9-84AB-5534656D87CD,130800813,1.0000,4
845,36F47F2B-DAB6-4004-B402-E694ECD0A708,170201694,1.0000,4
847,3740D592-7391-44E1-BF0C-758CA62AE322,170201526,1.0000,5
848,3740D592-7391-44E1-BF0C-758CA62AE322,170201694,1.0000,4
849,374A471F-2B20-4A6D-BF75-3E7A62F24E42,161108488,1.0000,5
857,38083A39-88E7-413C-B31B-104021E0BC24,120400295,1.0000,4
858,384A2AEF-9B9A-4C10-9C24-7145123F5F0E,170201831,1.0000,5
859,384E859E-4D08-4CBC-B180-1F643E4D3A74,160503567,1.0000,5
861,3855FF31-30BA-4030-816D-C686558AE97F,170105888,1.0000,3
863,390258D4-1F30-4D0F-A742-C9EA3819C133,170201831,1.0000,5
865,391930F7-34AA-4E18-A56E-4CB4B79B7020,170108848,1.0000,5
869,39A65992-8CC0-4DAC-86B9-5C51FC8B705A,140306404,1.0000,4
870,39A65992-8CC0-4DAC-86B9-5C51FC8B705A,140306405,1.0000,4
871,39A65992-8CC0-4DAC-86B9-5C51FC8B705A,140403607,1.0000,4
873,39ED6DB2-7FDE-4F4B-A5E3-17E2D5A0004D,170201831,1.0000,5
874,39F5F435-5F02-420B-81AC-2EF0F6D42465,170201694,1.0000,4
875,3A0C9B10-6831-42FF-8146-B144C5EEB1E8,160702763,1.0000,5
883,3A6969D9-8E90-4ED6-99B3-57E29CC9EC95,170201831,1.0000,5
884,3A93ECCB-C0AE-4F3E-9179-C86C0C493BF2,130602056,1.0000,4
885,3A93ECCB-C0AE-4F3E-9179-C86C0C493BF2,130702769,1.0000,1
886,3AA668C5-DFBB-4EBE-8050-8EF932CEC51E,170201831,1.0000,5
887,3ADBA1CC-BF00-4AB4-80DB-636C4C5FD876,170201216,1.0000,5
890,3B49AB29-20A3-4606-B105-52274A993EA5,160405725,1.0000,3
892,3B8C36FA-6854-4ECF-8762-A7BABC8DE4F7,140114161,1.0000,5
893,3B962FAF-3928-4790-951E-B579E2CCD1E2,170109008,1.0000,5
894,3BA6CBC7-E150-472B-AD67-404E0F853422,170201694,1.0000,4
895,3C3AB67F-71A1-4E3E-BD4D-B775F3184D88,141200684,1.0000,4
896,3C3AB67F-71A1-4E3E-BD4D-B775F3184D88,141200685,1.0000,4
897,3C3AB67F-71A1-4E3E-BD4D-B775F3184D88,141200686,1.0000,4
898,3C3AB67F-71A1-4E3E-BD4D-B775F3184D88,141200687,1.0000,4
899,3C3AB67F-71A1-4E3E-BD4D-B775F3184D88,141200688,1.0000,4
907,3C820C05-A272-4CF4-ABF3-B052589E5AF8,160800646,1.0000,4
908,3C820C05-A272-4CF4-ABF3-B052589E5AF8,161004600,1.0000,5
909,3C883C98-F2E1-4673-BA01-15A809CCC6DB,151201642,1.0000,3
915,3CDE169D-3075-46FE-910A-FEE7A4A8BC0E,170101226,1.0000,5
916,3D17B99E-888D-4918-9C3F-80DFC9F28A73,151103335,1.0000,3
921,3D5BB5CB-7759-409A-AAEA-52D219E6A851,170201831,1.0000,5
922,3D69D303-6FB0-4B9C-9EB5-710742FECFCB,160814900,1.0000,5
927,3DEF63C9-6A1D-468C-9F48-119B9BEAE8BB,170109201,1.0000,5
933,3E0CAA3B-18E7-4C08-98AD-D6D5BD5B7DCF,170201694,1.0000,4
946,4021540D-2846-4561-90A3-702E2B2BEFC8,160903695,1.0000,5
948,403A07B9-C865-4E55-B357-D962488ECC87,150901380,1.0000,5
950,4055EF98-D6C3-41A9-8C8A-0FDE6845835A,170107126,1.0000,1
951,4055EF98-D6C3-41A9-8C8A-0FDE6845835A,170201196,1.0000,2
952,4055EF98-D6C3-41A9-8C8A-0FDE6845835A,170201696,1.0000,5
954,4077ED2A-3A98-4604-8CF8-F7B154FA82B0,160117642,1.0000,5
955,4077ED2A-3A98-4604-8CF8-F7B154FA82B0,160117643,1.0000,4
956,4077ED2A-3A98-4604-8CF8-F7B154FA82B0,160117644,1.0000,1
957,4077ED2A-3A98-4604-8CF8-F7B154FA82B0,160117645,1.0000,5
958,4077ED2A-3A98-4604-8CF8-F7B154FA82B0,160117646,1.0000,5
959,4077ED2A-3A98-4604-8CF8-F7B154FA82B0,160117647,1.0000,5
960,4077ED2A-3A98-4604-8CF8-F7B154FA82B0,160210619,1.0000,4
961,4077ED2A-3A98-4604-8CF8-F7B154FA82B0,160602385,1.0000,5
962,40F5C968-14D8-426F-AC15-093303209EA8,170201196,1.0000,1
963,40F5C968-14D8-426F-AC15-093303209EA8,170202148,1.0000,2
964,41B10DC6-3B28-4F3A-9101-445F5DDEBD1C,170201543,1.0000,5
965,41B10DC6-3B28-4F3A-9101-445F5DDEBD1C,170201544,1.0000,5
967,4290108A-23D5-47E4-B080-45C4BFA56B27,150604808,1.0000,5
968,4290108A-23D5-47E4-B080-45C4BFA56B27,150901380,1.0000,5
970,4290108A-23D5-47E4-B080-45C4BFA56B27,170201543,1.0000,5
971,4290108A-23D5-47E4-B080-45C4BFA56B27,170201544,1.0000,5
976,4398A8D6-831D-4B0B-BB0A-8440ADC5AC8D,170109199,1.0000,5
977,43E27FB8-160B-49C2-9873-2E23B89756F2,130901591,1.0000,4
978,43E27FB8-160B-49C2-9873-2E23B89756F2,130901592,1.0000,4
979,43E27FB8-160B-49C2-9873-2E23B89756F2,130901593,1.0000,4
980,43E27FB8-160B-49C2-9873-2E23B89756F2,130901594,1.0000,4
981,43E27FB8-160B-49C2-9873-2E23B89756F2,130901595,1.0000,4
983,43E27FB8-160B-49C2-9873-2E23B89756F2,130901597,1.0000,4
985,43EDD20D-6F68-4C00-AC89-5BB45C8FD611,170201895,1.0000,5
986,43EDD20D-6F68-4C00-AC89-5BB45C8FD611,170201896,1.0000,5
987,440C69FC-6B14-4F1A-B45D-115675741AB0,110400240,1.0000,5
988,440C69FC-6B14-4F1A-B45D-115675741AB0,140703068,1.0000,4
989,440C69FC-6B14-4F1A-B45D-115675741AB0,140703069,1.0000,4
996,44962FDE-C97D-4F81-9B40-58C2F8ACE78B,160604186,1.0000,3
997,44962FDE-C97D-4F81-9B40-58C2F8ACE78B,170200740,1.0000,5
998,44962FDE-C97D-4F81-9B40-58C2F8ACE78B,170200741,1.0000,5
999,44AA123D-4F8D-425C-8632-ECAD25FDBCE4,161205031,1.0000,5
1000,44AA123D-4F8D-425C-8632-ECAD25FDBCE4,161205032,1.0000,5
1001,44D67E07-8F5C-4395-AB39-4A794C9EBE11,151005756,1.0000,5
1002,44DF4330-08A1-4593-9B2A-B3285FA40A6F,140702763,1.0000,4
1003,44F7FFCC-A7F6-4A06-AAAE-473EB71D6931,170108496,1.0000,5
1004,45128E4D-898B-4C0F-9170-3EA7C749DBD4,170201694,1.0000,4
1005,4547E60D-E1FF-4B5E-8950-3FB5DA546117,170201531,1.0000,3
1010,45A29C82-6599-4FE2-A865-BD94736A5E90,170200676,1.0000,5
1011,45A29C82-6599-4FE2-A865-BD94736A5E90,170201694,1.0000,4
1013,45BB2156-BCB3-428B-93A9-9D1A24BBD296,151000438,1.0000,5
1019,461E3E9F-E295-4D6F-84BF-E0308351AD7A,160902821,1.0000,5
1021,466919D1-5C91-4B5C-B78E-AB3A624930BD,161205033,1.0000,5
1029,46E95616-F35B-444C-B808-0B8694EFE040,170201196,1.0000,1
1030,46E95616-F35B-444C-B808-0B8694EFE040,170201694,1.0000,4
1031,46E95616-F35B-444C-B808-0B8694EFE040,170201916,1.0000,4
1036,4760DE1E-CCFC-4074-88C8-D836AC14EE2F,170201542,1.0000,5
1037,4760DE1E-CCFC-4074-88C8-D836AC14EE2F,170201543,1.0000,5
1038,4760DE1E-CCFC-4074-88C8-D836AC14EE2F,170201544,1.0000,5
1040,476DC3E9-9BFB-4AD0-97EF-89F2EC2B20B9,170108226,1.0000,1
1043,47BB5228-AB02-4647-A031-8844D0E34F5E,161002282,1.0000,5
1047,47D7067D-66B6-4670-89A4-C4C6A20618DF,170201831,1.0000,5
1048,47E8658A-D331-4505-99FB-113BD9F3CF00,161102379,1.0000,5
1050,47F93EC2-F83C-4885-A1B7-0FCB6ED4F508,170201542,1.0000,4
1051,47F93EC2-F83C-4885-A1B7-0FCB6ED4F508,170201543,1.0000,5
1052,47F93EC2-F83C-4885-A1B7-0FCB6ED4F508,170201544,1.0000,5
1057,4833D17B-E404-4445-B40F-4AAE2E9209F0,170201196,1.0000,1
1058,486ADC2C-7844-4B54-AAEC-38E64C9B0443,150604808,1.0000,5
1060,486F3B98-8DFB-48EC-B50C-0DC2A1591307,170201831,1.0000,3
1061,48776398-5338-42A1-95F8-1DD82740FA4B,170108226,1.0000,1
1062,4877E5BB-100C-4C1D-9FD3-6DBC99D1E20B,140114161,1.0000,5
1066,48A26051-A869-4BCA-8EF1-5008BD35E122,160305640,1.0000,5
1067,48A26051-A869-4BCA-8EF1-5008BD35E122,170200489,1.0000,5
1068,48C9B28E-58B2-4D62-840E-5D6F718EC6DE,130900913,1.0000,5
1069,48DCC7B1-672D-47DA-B518-A6B47C079037,140703960,1.0000,4
1070,48DCC7B1-672D-47DA-B518-A6B47C079037,150604808,1.0000,1
1071,48DCC7B1-672D-47DA-B518-A6B47C079037,151003814,1.0000,3
1073,48DCC7B1-672D-47DA-B518-A6B47C079037,160404771,1.0000,5
1074,48DCC7B1-672D-47DA-B518-A6B47C079037,170200118,1.0000,5
1075,48FB864C-1FC6-460F-B91F-CF6E011B13A0,161001621,1.0000,5
1076,491E5A9C-9369-4C33-A13A-15BD340E3304,150600755,1.0000,4
1077,491E5A9C-9369-4C33-A13A-15BD340E3304,150904803,1.0000,4
1078,494E2C58-F89B-462A-BDD5-63307BC1F21D,170201533,1.0000,4
1080,497F6D4E-70D2-4B42-99F7-140C38BE5BBC,141000616,1.0000,5
1081,497F6D4E-70D2-4B42-99F7-140C38BE5BBC,141000617,1.0000,5
1082,4980B6DF-D4E3-4662-9A34-30A714139A4F,161205030,1.0000,5
1083,4980B6DF-D4E3-4662-9A34-30A714139A4F,161205031,1.0000,5
1084,4980B6DF-D4E3-4662-9A34-30A714139A4F,161205032,1.0000,5
1087,49ED77FB-F6F6-420B-8FD0-BE6CC3DF1D61,160900071,1.0000,5
1091,4A033A87-C1A8-473A-ABAF-BA4209592765,170201203,1.0000,5
1094,4A0627A7-402C-4083-960B-A61BBDA51460,170201543,1.0000,5
1095,4A0627A7-402C-4083-960B-A61BBDA51460,170201544,1.0000,5
1096,4A08C12C-2F47-4ABE-8FFB-44CC2119A27C,170201196,1.0000,1
1097,4A08C12C-2F47-4ABE-8FFB-44CC2119A27C,170201872,1.0000,5
1098,4A19DCB4-3FD7-469B-9447-9D1AC1770D18,161205078,1.0000,1
1100,4A3E3A5E-2B9B-4BB1-B3FA-2301D7AACD8C,170201127,1.0000,5
1101,4A5FA583-6EF0-42C4-ABE2-1A9830B553B6,140600122,1.0000,5
1106,4AADE26F-5750-464D-9E33-705C01539C89,160306401,1.0000,5
1113,4B2B0468-E27A-49AF-AD72-8B392E2B9AFD,170109199,1.0000,5
1114,4B4C86E9-27BF-46E8-9CC8-AB1B228EDD35,170201831,1.0000,5
1115,4B4DAB1B-CBEE-4DF2-AB81-0A3352238E9E,170201831,1.0000,5
1118,4B8A47FF-78CC-4C7F-875E-8A5EAA51ED69,170201645,1.0000,1
1119,4B8A47FF-78CC-4C7F-875E-8A5EAA51ED69,170201895,1.0000,5
1126,4C5E6CD8-E9FA-44BA-9835-AA40092A40A1,160905177,1.0000,5
1127,4CBFC22C-E073-445D-A6B0-38CAC993CE1F,100200126,1.0000,4
1127,4CBFC22C-E073-445D-A6B0-38CAC993CE1F,100200126,1.0000,4
1127,4CBFC22C-E073-445D-A6B0-38CAC993CE1F,100200126,1.0000,4
1131,4D093DCB-EE43-4FE4-BD5B-8477E40FB28E,170201694,1.0000,4
1132,4D2B147E-7DC7-45B8-B8DA-D2094B75F35E,170108226,1.0000,1
1133,4D322685-EE70-481A-931F-CF7E245154FA,160814056,1.0000,5
1135,4D3F99C4-E35D-4A98-B330-D7F6DBAD48C9,150404338,1.0000,3
1136,4D3F99C4-E35D-4A98-B330-D7F6DBAD48C9,150404339,1.0000,3
1137,4D5138BF-9EC1-41A0-8345-B68BCD07AA56,160117843,1.0000,5
1138,4D5138BF-9EC1-41A0-8345-B68BCD07AA56,160117844,1.0000,5
1139,4D8556E2-CAD8-44B6-8054-CC04EDB3EEE2,161200545,1.0000,3
1142,4DEB1ECA-5904-4AE9-92BC-933325C02E19,160303792,1.0000,5
1145,4E52EAAE-645B-4586-A78B-4F9FEBC043D9,131002659,1.0000,4
1146,4E52EAAE-645B-4586-A78B-4F9FEBC043D9,131002660,1.0000,5
1147,4E52EAAE-645B-4586-A78B-4F9FEBC043D9,140705771,1.0000,4
1148,4E52EAAE-645B-4586-A78B-4F9FEBC043D9,140705772,1.0000,4
1149,4E52EAAE-645B-4586-A78B-4F9FEBC043D9,140705773,1.0000,5
1152,4E557616-19B1-4FCE-ACB1-35E217E7B753,170202157,1.0000,5
1156,4F405131-3543-4133-877C-3219A1BFB808,170201831,1.0000,5
1161,4F915C93-7C4A-4174-8C0D-82F6C29DAD82,170201637,1.0000,5
1162,4F915C93-7C4A-4174-8C0D-82F6C29DAD82,170201895,1.0000,5
1163,4F915C93-7C4A-4174-8C0D-82F6C29DAD82,170201896,1.0000,5
1164,4F92A998-798C-4025-AE47-E36DCEC18493,140306424,1.0000,4
1167,4F946CC1-541C-4CF3-8DC2-DBBDE60707F3,161202844,1.0000,2
1170,4F946CC1-541C-4CF3-8DC2-DBBDE60707F3,170201831,1.0000,5
1171,4F9E44DA-0266-46B7-9BFE-79FDC408F4D4,170201914,1.0000,5
1173,4FB7E9C1-7F5A-4A7B-9CD5-923287F24BC0,130500914,1.0000,4
1175,4FB7E9C1-7F5A-4A7B-9CD5-923287F24BC0,170201831,1.0000,5
1177,4FD405BE-12AC-44CF-BF53-FBFD3414802B,170201694,1.0000,4
1178,4FFD599F-3BDE-4EA7-92EA-EDBBB46737D9,141100578,1.0000,3
1179,4FFD599F-3BDE-4EA7-92EA-EDBBB46737D9,141100579,1.0000,4
1181,4FFD599F-3BDE-4EA7-92EA-EDBBB46737D9,160117794,1.0000,5
1184,5058B0F8-25FA-4A2C-92C3-18CA8CAD20A9,160702763,1.0000,5
1188,508D69E8-83BF-4D77-AAFC-C56FEB71BD8A,170108227,1.0000,5
1189,509125BB-A541-4619-B9D0-C316AF8FE7BA,160117413,1.0000,5
1190,509125BB-A541-4619-B9D0-C316AF8FE7BA,160117414,1.0000,4
1191,509125BB-A541-4619-B9D0-C316AF8FE7BA,160117415,1.0000,5
1192,509125BB-A541-4619-B9D0-C316AF8FE7BA,160117416,1.0000,5
1193,509125BB-A541-4619-B9D0-C316AF8FE7BA,160117417,1.0000,5
1194,509125BB-A541-4619-B9D0-C316AF8FE7BA,160117418,1.0000,5
1195,509125BB-A541-4619-B9D0-C316AF8FE7BA,160117419,1.0000,5
1196,509125BB-A541-4619-B9D0-C316AF8FE7BA,160117420,1.0000,5
1197,509125BB-A541-4619-B9D0-C316AF8FE7BA,160117421,1.0000,5
1201,50F7E616-D689-49F1-82AD-CA040932D6C6,170201694,1.0000,4
1204,519588DB-088B-4E65-A48B-1A7063B82E1D,160208238,1.0000,4
1205,51DB89C6-06B2-4490-B58B-6923062426E8,140705906,1.0000,2
1213,5261ED05-2E16-4FC4-8A80-D8BEABAEE076,160701365,1.0000,5
1220,532297C4-57AB-454F-AAD2-5E293636EC72,150601763,1.0000,5
1222,532297C4-57AB-454F-AAD2-5E293636EC72,170201599,1.0000,5
1226,533FF908-1D65-4990-A4CB-CC60DFCA2E5E,170201191,1.0000,2
1228,53A6001E-0325-4B25-BC11-6D1FB46A74B4,170201544,1.0000,5
1230,53B0E296-FA4A-4869-80C7-56BC8DEB731D,170201872,1.0000,3
1231,53D90329-C38A-4BCD-AB70-1EE64BB55B33,170201193,1.0000,5
1232,53D90329-C38A-4BCD-AB70-1EE64BB55B33,170201194,1.0000,4
1233,53D90329-C38A-4BCD-AB70-1EE64BB55B33,170201195,1.0000,5
1234,540D161D-1742-40B4-99D5-8698CE13879F,161108491,1.0000,5
1236,5420B139-FC0E-4A75-A275-C2B1FB2C340D,150603937,1.0000,5
1237,5435D389-081B-44C5-AEEC-D01F2D3F00BB,141101155,1.0000,4
1240,543C61B6-000E-4960-A02F-2E9CAB5657F4,170108485,1.0000,4
1241,543C61B6-000E-4960-A02F-2E9CAB5657F4,170108486,1.0000,5
1242,543C61B6-000E-4960-A02F-2E9CAB5657F4,170108487,1.0000,5
1243,545A42D9-798A-40FF-9E0C-49B34B9CCD7F,110600297,1.0000,4
1244,549409E0-585D-4E0E-96F6-9D339DD28FED,170109199,1.0000,5
1245,54B23D09-8C54-47C5-AEB9-91A6FA53FD71,100900210,1.0000,5
1245,54B23D09-8C54-47C5-AEB9-91A6FA53FD71,100900210,1.0000,5
1246,54B23D09-8C54-47C5-AEB9-91A6FA53FD71,100900211,1.0000,4
1246,54B23D09-8C54-47C5-AEB9-91A6FA53FD71,100900211,1.0000,4
1247,54B23D09-8C54-47C5-AEB9-91A6FA53FD71,131202354,1.0000,4
1249,54B23D09-8C54-47C5-AEB9-91A6FA53FD71,150604808,1.0000,5
1250,54B23D09-8C54-47C5-AEB9-91A6FA53FD71,151209730,1.0000,5
1251,54B23D09-8C54-47C5-AEB9-91A6FA53FD71,170104773,1.0000,5
1252,54ECF8CB-1432-4B08-B083-0BC5F933D67E,140602990,1.0000,4
1254,55168128-101B-4D7A-90B4-490FF9130F7D,101000055,1.0000,4
1255,55267301-2E9B-4598-B40B-4F9D2E41CC25,110100296,1.0000,4
1256,55267301-2E9B-4598-B40B-4F9D2E41CC25,110100297,1.0000,4
1257,55267301-2E9B-4598-B40B-4F9D2E41CC25,110100298,1.0000,4
1258,55267301-2E9B-4598-B40B-4F9D2E41CC25,110100299,1.0000,4
1260,556036D0-0359-424C-BEF2-814783FF0620,160812506,1.0000,3
1261,557BC019-21FC-4B77-92E0-C7C11DB99751,140702747,1.0000,4
1262,5589166C-8DD6-40A5-AF06-B5A0CDC4668C,170201831,1.0000,5
1264,55A454B0-3421-4616-B5E2-743D80D4803E,161106033,1.0000,5
1266,55B04EBD-D57F-41BE-9118-F8AC74CF57B0,140114156,1.0000,1
1267,55C26FC0-6F33-4CF1-8BBD-E56C923B561F,170201872,1.0000,5
1270,55DE7067-E381-47DF-8190-CCFD2D2A1442,170201542,1.0000,5
1271,55DE7067-E381-47DF-8190-CCFD2D2A1442,170201543,1.0000,5
1272,55DE7067-E381-47DF-8190-CCFD2D2A1442,170201544,1.0000,5
1274,55DF2699-6910-4D4E-81E2-76A8552E0AD4,160303376,1.0000,5
1276,56206673-A20C-45EF-B572-982A9161E07B,161205078,1.0000,1
1278,5630A754-9DE6-4950-8FA6-52F2EBCC0723,160902982,1.0000,5
1280,569560B6-D606-4472-BCBD-1935BB9324B5,170108491,1.0000,1
1281,569560B6-D606-4472-BCBD-1935BB9324B5,170108492,1.0000,5
1282,569560B6-D606-4472-BCBD-1935BB9324B5,170108494,1.0000,5
1284,569B8139-B03F-4E60-BC31-505A6D7D28D3,170109049,1.0000,2
1286,56FA4779-26BA-439D-B983-89B499F51FE4,150703329,1.0000,5
1287,56FA4779-26BA-439D-B983-89B499F51FE4,170201831,1.0000,5
1288,57167826-83F6-435C-AC26-100819B5E96D,150604872,1.0000,2
1289,572CB3E6-6A76-4D8B-9FE7-2585D96688D4,140703067,1.0000,4
1290,572CB3E6-6A76-4D8B-9FE7-2585D96688D4,140703068,1.0000,4
1292,5764201A-D3E5-4C29-8C51-E153ABFE929B,170200712,1.0000,5
1293,578B22E4-51C0-491C-8DBA-B41920877D3C,120800178,1.0000,5
1294,578B22E4-51C0-491C-8DBA-B41920877D3C,140602751,1.0000,4
1295,578B22E4-51C0-491C-8DBA-B41920877D3C,141204193,1.0000,4
1296,578B22E4-51C0-491C-8DBA-B41920877D3C,150800001,1.0000,5
1297,578B22E4-51C0-491C-8DBA-B41920877D3C,160303792,1.0000,4
1298,578B22E4-51C0-491C-8DBA-B41920877D3C,170201831,1.0000,5
1299,57AAAAB9-527A-4EC7-AAC9-BDE84CE3BD70,161005140,1.0000,5
1300,57AAAAB9-527A-4EC7-AAC9-BDE84CE3BD70,170201831,1.0000,5
1303,57B43E46-1287-4E2F-8862-A496B3770479,161201392,1.0000,1
1306,57C65F1B-CED7-4BB7-991D-171487358F66,161106985,1.0000,4
1307,57C65F1B-CED7-4BB7-991D-171487358F66,170201196,1.0000,1
1314,5863DB4C-8944-4DF3-BDEE-65E19854CB38,140901559,1.0000,4
1315,5863DB4C-8944-4DF3-BDEE-65E19854CB38,140901560,1.0000,4
1316,5863DB4C-8944-4DF3-BDEE-65E19854CB38,140901561,1.0000,4
1317,5863DB4C-8944-4DF3-BDEE-65E19854CB38,140901562,1.0000,4
1318,587AFC51-602B-4B6B-9A45-B8BC94B56314,170201542,1.0000,5
1319,587AFC51-602B-4B6B-9A45-B8BC94B56314,170201543,1.0000,5
1320,587AFC51-602B-4B6B-9A45-B8BC94B56314,170201544,1.0000,5
1321,5881A432-240F-40D7-B514-3417FE307450,170108222,1.0000,5
1322,5881A432-240F-40D7-B514-3417FE307450,170108223,1.0000,5
1323,588AB6B0-C4FF-41E6-889A-495DD8E80B47,160504462,1.0000,5
1324,588AB6B0-C4FF-41E6-889A-495DD8E80B47,160604992,1.0000,5
1325,58B359EE-89F0-4691-9C39-8C555CA72838,150302689,1.0000,2
1328,58B359EE-89F0-4691-9C39-8C555CA72838,170201526,1.0000,5
1329,58B39234-4580-4D54-838B-166D82A9A660,140904198,1.0000,5
1330,58B39234-4580-4D54-838B-166D82A9A660,140904199,1.0000,5
1331,58B39234-4580-4D54-838B-166D82A9A660,140904200,1.0000,5
1332,58B39234-4580-4D54-838B-166D82A9A660,140904201,1.0000,5
1333,58B39234-4580-4D54-838B-166D82A9A660,140904202,1.0000,5
1334,58B39234-4580-4D54-838B-166D82A9A660,140904203,1.0000,5
1335,58B39234-4580-4D54-838B-166D82A9A660,140904204,1.0000,5
1336,58B39234-4580-4D54-838B-166D82A9A660,140904205,1.0000,5
1337,58B39234-4580-4D54-838B-166D82A9A660,140904206,1.0000,5
1341,5957D23C-EC69-44E4-AABE-70DC70B653B2,170108485,1.0000,4
1342,5957D23C-EC69-44E4-AABE-70DC70B653B2,170108486,1.0000,5
1343,5957D23C-EC69-44E4-AABE-70DC70B653B2,170108487,1.0000,5
1344,595CF2B9-A719-4C2B-902A-B50AB5DBA4C0,170201914,1.0000,5
1345,5A4A3EB0-0F03-40F7-9D24-9C7E47607398,120900410,1.0000,4
1351,5AC6DCFC-87DE-4A92-99D5-1299B2C403A7,161001319,1.0000,3
1352,5AC6DCFC-87DE-4A92-99D5-1299B2C403A7,161001320,1.0000,4
1354,5AEEC115-463C-4499-9E3A-D6AFF6020300,170201599,1.0000,5
1357,5B225184-5D92-47AF-BD37-5E905E2F3502,170201127,1.0000,5
1358,5B225184-5D92-47AF-BD37-5E905E2F3502,170201186,1.0000,5
1367,5B4EA780-3367-4138-927C-894ADD1246A6,160304928,1.0000,5
1368,5B4EA780-3367-4138-927C-894ADD1246A6,160401458,1.0000,5
1369,5B4EA780-3367-4138-927C-894ADD1246A6,160603226,1.0000,3
1370,5B64734F-B9E5-4733-8E94-D9A0818B806F,161208149,1.0000,1
1371,5BA9CC1F-E226-4F4C-BEA9-342452C9BFAB,170201696,1.0000,4
1373,5BC68B2C-1986-4E77-BFB8-70A6AF59EF35,170201694,1.0000,4
1374,5BEF2F77-39E1-4E40-8B8D-D2DF8BA7B830,170201831,1.0000,5
1375,5C057B22-5881-4221-B21F-196F0F7C720D,160604186,1.0000,5
1377,5C057B22-5881-4221-B21F-196F0F7C720D,170200740,1.0000,5
1378,5C057B22-5881-4221-B21F-196F0F7C720D,170200741,1.0000,5
1380,5C5D87C8-1332-4847-8004-F7EA1FD69500,130502774,1.0000,4
1383,5CF12543-E5A7-49BD-9537-5F7C007D578D,170100424,1.0000,4
1384,5CF12543-E5A7-49BD-9537-5F7C007D578D,170100425,1.0000,5
1386,5D3FFD50-FA42-4C19-AFB0-538F83ED2EF1,170107951,1.0000,5
1387,5D45DD54-2923-4510-B70E-7FBA178C9579,170201543,1.0000,5
1393,5D8A8506-2161-4420-97AB-6BA8782A01DB,140114149,1.0000,4
1396,5DEEA5BD-88F8-4C7C-825B-5AED0A84A7D0,160101007,1.0000,5
1397,5DEEA5BD-88F8-4C7C-825B-5AED0A84A7D0,160101008,1.0000,4
1398,5DEEA5BD-88F8-4C7C-825B-5AED0A84A7D0,160101009,1.0000,4
1399,5DEEA5BD-88F8-4C7C-825B-5AED0A84A7D0,160101010,1.0000,4
1400,5DEEA5BD-88F8-4C7C-825B-5AED0A84A7D0,160101011,1.0000,4
1401,5DEEA5BD-88F8-4C7C-825B-5AED0A84A7D0,160101012,1.0000,4
1402,5DEEA5BD-88F8-4C7C-825B-5AED0A84A7D0,160101013,1.0000,4
1403,5DEEA5BD-88F8-4C7C-825B-5AED0A84A7D0,160101014,1.0000,4
1405,5E0EDDC4-2D12-4FAA-B8E3-E08EA7F2D4D9,160700206,1.0000,5
1407,5E0EDDC4-2D12-4FAA-B8E3-E08EA7F2D4D9,161004614,1.0000,5
1410,5E1B54B5-B9CB-4ADE-B2EC-9808A86E9623,170200631,1.0000,5
1418,5EC5699D-4655-4881-AE7C-7EAAADFECD15,161205033,1.0000,5
1421,5EE4EC5C-7186-4355-9D21-FBFA8CB7D462,160701155,1.0000,5
1423,5F4CA499-8FE7-40D9-84A4-496A63C84FC7,170108496,1.0000,5
1424,5F6213D5-E76F-4D99-AED3-6AF49F4C022E,170107951,1.0000,5
1426,5FA1D369-51DF-4362-8C6B-29B45F67D006,120400295,1.0000,5
1427,5FA1D369-51DF-4362-8C6B-29B45F67D006,150804427,1.0000,5
1428,5FA1D369-51DF-4362-8C6B-29B45F67D006,160306082,1.0000,3
1429,5FDAE253-B4D3-4838-AAFD-508A7841D0A3,140304988,1.0000,4
1435,6040E2B5-2575-4B8E-AD95-D8551185D5A9,170108227,1.0000,5
1436,6040E2B5-2575-4B8E-AD95-D8551185D5A9,170108230,1.0000,5
1437,607344A4-DD79-48CD-9E76-361670DE0ADB,160206842,1.0000,5
1438,607344A4-DD79-48CD-9E76-361670DE0ADB,160303792,1.0000,4
1439,607344A4-DD79-48CD-9E76-361670DE0ADB,170107917,1.0000,5
1440,60746D53-9BC1-4362-8493-99126BAADB6F,140114150,1.0000,4
1442,607C93CA-6428-47A8-B229-2228B4453FE8,141001090,1.0000,5
1443,607C93CA-6428-47A8-B229-2228B4453FE8,150100550,1.0000,5
1444,60908AE4-A14E-43CE-8693-E9069331CCE2,170201831,1.0000,5
1445,6093AF4E-0C2B-4CBE-9B33-85CCF6392DA5,170201203,1.0000,5
1446,6093AF4E-0C2B-4CBE-9B33-85CCF6392DA5,170201543,1.0000,5
1447,6093AF4E-0C2B-4CBE-9B33-85CCF6392DA5,170201544,1.0000,5
1448,609853D4-CDAB-4C7B-B41C-6B3ED6DCEAF1,160701042,1.0000,5
1449,60B51796-5E4F-479D-AE07-81483CF7C317,121001688,1.0000,4
1451,60C0F641-CF23-4013-8949-9E82DE93152A,160903695,1.0000,5
1454,60C0F641-CF23-4013-8949-9E82DE93152A,170201543,1.0000,5
1456,60FA5A5D-BEA1-4064-A332-AAC4B7264F19,140228011,1.0000,4
1459,611D1520-BD94-456B-A2F0-2D78DFAB078B,160815067,1.0000,5
1461,611D1520-BD94-456B-A2F0-2D78DFAB078B,170201525,1.0000,5
1462,61388B34-7C03-47FC-B6C8-8594E0B68353,140703067,1.0000,4
1463,61388B34-7C03-47FC-B6C8-8594E0B68353,140703068,1.0000,4
1464,616A10CC-A557-463F-A6FE-1CECD933FEDA,140501815,1.0000,4
1465,616A10CC-A557-463F-A6FE-1CECD933FEDA,160101013,1.0000,4
1466,616A10CC-A557-463F-A6FE-1CECD933FEDA,160101014,1.0000,4
1467,61A62D17-57BF-4092-B4C6-301427618E7D,170201831,1.0000,5
1468,61A62D17-57BF-4092-B4C6-301427618E7D,170202072,1.0000,5
1469,61B406FA-3487-45DA-BE84-EEF2A62F31D4,170201593,1.0000,5
1470,61C1A88A-DC5F-46EB-8BF8-DB5CE9EBD895,160815067,1.0000,5
1471,61C1A88A-DC5F-46EB-8BF8-DB5CE9EBD895,160902982,1.0000,4
1472,61C1A88A-DC5F-46EB-8BF8-DB5CE9EBD895,170200676,1.0000,4
1474,61C9DFF3-10F6-4D66-B4ED-C10DA35AE611,140803004,1.0000,4
1475,61CC0022-10B7-46CB-A5D3-9121D0272EBF,170201694,1.0000,4
1482,6253624F-C8E3-4DAD-8026-7ADB9E0EF69A,140403868,1.0000,4
1485,6292B29C-51E4-43C6-AF3F-8B44840C76D1,121002424,1.0000,4
1486,629C8EF5-BB72-45BA-A49C-1AE31304FC67,170108223,1.0000,5
1487,629C8EF5-BB72-45BA-A49C-1AE31304FC67,170108224,1.0000,1
1488,629C8EF5-BB72-45BA-A49C-1AE31304FC67,170108225,1.0000,2
1489,629C8EF5-BB72-45BA-A49C-1AE31304FC67,170108226,1.0000,1
1490,629C8EF5-BB72-45BA-A49C-1AE31304FC67,170108227,1.0000,5
1495,62C1D49B-329B-493B-8CEF-BFFC857622B0,170200740,1.0000,5
1496,62CA53D1-0709-453F-AA0B-5A16A9F626BF,130800793,1.0000,4
1497,62CA53D1-0709-453F-AA0B-5A16A9F626BF,130800794,1.0000,4
1498,62CA53D1-0709-453F-AA0B-5A16A9F626BF,130800795,1.0000,4
1501,62D7C36F-568E-4434-9EEB-AB0963F57DF2,170109199,1.0000,5
1502,62E8A005-B312-40F1-B776-F6DE32385AE7,160303792,1.0000,4
1504,631EF35F-E1DC-4A47-80FE-0E7C403023DA,160814962,1.0000,4
1505,631EF35F-E1DC-4A47-80FE-0E7C403023DA,160902666,1.0000,4
1506,631EF35F-E1DC-4A47-80FE-0E7C403023DA,161000729,1.0000,4
1507,631EF35F-E1DC-4A47-80FE-0E7C403023DA,161003512,1.0000,4
1508,631EF35F-E1DC-4A47-80FE-0E7C403023DA,170108221,1.0000,4
1509,631EF35F-E1DC-4A47-80FE-0E7C403023DA,170108222,1.0000,5
1510,631EF35F-E1DC-4A47-80FE-0E7C403023DA,170108223,1.0000,5
1511,631EF35F-E1DC-4A47-80FE-0E7C403023DA,170108224,1.0000,1
1512,631EF35F-E1DC-4A47-80FE-0E7C403023DA,170108225,1.0000,2
1513,631EF35F-E1DC-4A47-80FE-0E7C403023DA,170108226,1.0000,1
1515,63706F5D-C880-4930-B7DC-7FF9C012D3A4,170201543,1.0000,5
1516,63706F5D-C880-4930-B7DC-7FF9C012D3A4,170201544,1.0000,5
1518,63A9FFDA-5CE9-4DB1-AAFD-441C01D61A96,170108224,1.0000,1
1519,63A9FFDA-5CE9-4DB1-AAFD-441C01D61A96,170108225,1.0000,2
1520,63A9FFDA-5CE9-4DB1-AAFD-441C01D61A96,170108226,1.0000,1
1522,63E6FBDD-95A3-46BE-8AA7-EE55610C6EBF,160103803,1.0000,5
1523,63E6FBDD-95A3-46BE-8AA7-EE55610C6EBF,160105953,1.0000,5
1524,63E6FBDD-95A3-46BE-8AA7-EE55610C6EBF,160300412,1.0000,5
1525,63E6FBDD-95A3-46BE-8AA7-EE55610C6EBF,160601907,1.0000,5
1526,641D9663-2D05-4444-A52A-1FF3D5F5F783,170201875,1.0000,5
1528,64476CB8-75EA-4BF3-894F-5F7083173E71,170201914,1.0000,5
1529,64476CB8-75EA-4BF3-894F-5F7083173E71,170201915,1.0000,5
1530,645A69B6-223B-4D1D-9907-E3D0353FD400,131100761,1.0000,4
1532,645A69B6-223B-4D1D-9907-E3D0353FD400,170108222,1.0000,5
1533,645A69B6-223B-4D1D-9907-E3D0353FD400,170108223,1.0000,5
1534,645A69B6-223B-4D1D-9907-E3D0353FD400,170108224,1.0000,1
1535,645A69B6-223B-4D1D-9907-E3D0353FD400,170108225,1.0000,2
1536,645A69B6-223B-4D1D-9907-E3D0353FD400,170108226,1.0000,1
1537,645A69B6-223B-4D1D-9907-E3D0353FD400,170108227,1.0000,5
1538,645A69B6-223B-4D1D-9907-E3D0353FD400,170108230,1.0000,5
1539,645A69B6-223B-4D1D-9907-E3D0353FD400,170200712,1.0000,5
1540,645C5C51-B8EA-4F70-A90E-EEDCDD9A4A7C,170108223,1.0000,5
1542,64618C1B-77C2-45E6-828F-CF4583DA2436,170201127,1.0000,5
1544,6490BD56-0937-4F75-9C07-48A11BFBD7C6,170200741,1.0000,5
1547,654B44D5-3EBA-441E-8682-A21C655D5285,141203984,1.0000,4
1548,654B44D5-3EBA-441E-8682-A21C655D5285,150700758,1.0000,4
1557,65E5211A-4D77-41E4-B6FA-81EB5B853233,170108226,1.0000,1
1558,66138C07-2036-49A0-92E7-A0278C40DADE,120600821,1.0000,5
1560,661B8F4A-9135-4B20-BFB8-BFCE52655316,161201644,1.0000,5
1561,661B8F4A-9135-4B20-BFB8-BFCE52655316,161201645,1.0000,5
1562,661B8F4A-9135-4B20-BFB8-BFCE52655316,170201696,1.0000,4
1569,672B16D2-A507-46F6-A908-D45CE2415676,150503257,1.0000,5
1570,672D6B79-64E5-4613-B098-47A62CF34B95,160303792,1.0000,5
1572,67729818-B3F3-4BA0-A3BF-2F6706A76678,161205078,1.0000,5
1574,677E60F2-501B-4A4B-ADD3-3618B125355F,150901986,1.0000,5
1575,679837A7-1584-47CF-9475-2B396593FC3B,150102302,1.0000,5
1577,67E80B4F-9500-47AB-8666-3576A1CE92A9,160108068,1.0000,5
1585,684FF501-ADFE-4596-9538-1A79B83173A4,160814685,1.0000,5
1586,68560418-7587-4CB8-8F43-3D6C1E05BDE3,170201831,1.0000,5
1588,6886B18E-B2D5-414C-9DAE-A58542EF8138,160303792,1.0000,5
1589,688D7560-4FC8-4F3D-9BF1-C16599EFD355,131100762,1.0000,5
1591,6947C0C9-A98F-43CC-B426-4B88A5F9230C,120601955,1.0000,4
1592,6947C0C9-A98F-43CC-B426-4B88A5F9230C,120601956,1.0000,4
1596,698BBF26-986F-4850-9BAA-9D3795BF1BF3,110400240,1.0000,5
1599,698D2E4B-8D85-4F80-913B-5D6CD713A995,170201526,1.0000,5
1600,69E7C5E5-19BB-42FD-986F-682195DA950A,140114149,1.0000,4
1601,69E7C5E5-19BB-42FD-986F-682195DA950A,140114150,1.0000,4
1602,69E7C5E5-19BB-42FD-986F-682195DA950A,140114151,1.0000,4
1603,69E7C5E5-19BB-42FD-986F-682195DA950A,140114152,1.0000,4
1604,69EC65F7-D095-46A6-B012-6F238CDF315B,140114147,1.0000,4
1609,69FF3207-ED7A-404E-8AFF-AD5DA0466720,161108494,1.0000,3
1610,69FF3207-ED7A-404E-8AFF-AD5DA0466720,161108495,1.0000,3
1611,69FF3207-ED7A-404E-8AFF-AD5DA0466720,161200548,1.0000,3
1612,69FF3207-ED7A-404E-8AFF-AD5DA0466720,161200549,1.0000,4
1613,69FF3207-ED7A-404E-8AFF-AD5DA0466720,161200550,1.0000,5
1615,6A088D36-E980-46C0-AD81-1716C8BEC23A,170201203,1.0000,5
1616,6A088D36-E980-46C0-AD81-1716C8BEC23A,170201216,1.0000,5
1617,6A350DE8-AC42-4BAF-8556-860C2BB3FCEE,160814679,1.0000,5
1618,6A350DE8-AC42-4BAF-8556-860C2BB3FCEE,161106033,1.0000,5
1619,6A48C2AB-D03A-4A01-B94A-290B7BA353E4,170201831,1.0000,5
1620,6A625F3E-F4D8-419B-83D2-15D56CC38A1D,170201127,1.0000,2
1621,6A973827-F1CA-4756-88EC-8E82CCF6BC63,170108218,1.0000,5
1622,6AABB968-5416-487A-8CF9-21205760AC5B,150600742,1.0000,5
1623,6AABB968-5416-487A-8CF9-21205760AC5B,150600743,1.0000,5
1624,6AABB968-5416-487A-8CF9-21205760AC5B,150600744,1.0000,3
1625,6AABB968-5416-487A-8CF9-21205760AC5B,150600745,1.0000,5
1626,6AABB968-5416-487A-8CF9-21205760AC5B,150600746,1.0000,5
1628,6AE4DC43-4E82-48E8-B049-BFCAFD244187,170201694,1.0000,4
1629,6B611088-1C08-4559-935B-AA267A0687B9,170201916,1.0000,4
1632,6B788DC1-711E-4659-9942-F6DCC394A3D4,170201694,1.0000,4
1633,6B832E20-13D4-4D88-8407-428C0B9F2DC7,150603856,1.0000,2
1635,6BA1BB79-52DD-45BF-A5FB-BF25E4D8511B,170201831,1.0000,5
1636,6BDD2F3F-C5EA-4FAE-9F9C-0B0D5D7732DB,170108491,1.0000,1
1637,6BDD2F3F-C5EA-4FAE-9F9C-0B0D5D7732DB,170108492,1.0000,5
1638,6BDD2F3F-C5EA-4FAE-9F9C-0B0D5D7732DB,170108494,1.0000,5
1642,6C0DC094-DB65-40B4-A499-260B44096DD1,170202077,1.0000,5
1644,6CBAC22D-E4C2-4C10-8546-AE55EB9EB65E,150700627,1.0000,5
1645,6CBAC22D-E4C2-4C10-8546-AE55EB9EB65E,150700628,1.0000,5
1646,6CBAC22D-E4C2-4C10-8546-AE55EB9EB65E,160117804,1.0000,5
1650,6D5394E5-16DF-4AC9-9B0B-69AF7B3B5B3A,170106356,1.0000,1
1655,6D98F48E-C047-46AA-ABC7-3E46C79FC5CE,140114161,1.0000,5
1657,6DD6D069-6A5A-41BF-88F8-EDC49AFFAAEA,170201526,1.0000,5
1658,6DDCB972-9E15-4B43-94F2-BD3C22B80B9A,160405725,1.0000,3
1659,6DDF4A14-3637-48CF-A645-C44BF098A10A,170202077,1.0000,5
1661,6DFC1B7B-B26D-479A-BCAC-5D9ECA41F49A,170201542,1.0000,5
1664,6E37C8F4-9711-427A-A62F-EA0AD235E60D,170109410,1.0000,2
1669,6E517506-6AC2-4DD6-A750-FDD358AB779C,140901565,1.0000,4
1670,6E7709A9-D479-41A6-A6B9-CCF182696579,160604186,1.0000,3
1671,6E7709A9-D479-41A6-A6B9-CCF182696579,170200740,1.0000,5
1673,6F05221F-D75B-4AB5-9462-6F1551678924,140705773,1.0000,4
1675,6F233D0F-D4C0-41CE-B740-4FF59C3E86B1,140114149,1.0000,4
1676,6F233D0F-D4C0-41CE-B740-4FF59C3E86B1,140114150,1.0000,4
1678,6F69AC67-0132-4319-B37E-02DA9FC694CA,170201544,1.0000,5
1679,6F69AC67-0132-4319-B37E-02DA9FC694CA,170201831,1.0000,5
1681,6FAB2E3D-23DC-4D71-8177-FB0731269017,170201192,1.0000,5
1688,7033511E-667D-4B81-8B80-EF4C9899352F,170108230,1.0000,5
1689,704C55A7-4295-44C6-8884-3558716AA1F6,161205583,1.0000,2
1694,712A3D42-601F-438E-A79C-F58F8665C63D,160604186,1.0000,5
1697,7130A799-1E9E-46A1-8B1E-4A07254A4553,170106363,1.0000,2
1698,713832FB-FEF2-4839-826E-7CD289B23E08,140114152,1.0000,4
1699,713832FB-FEF2-4839-826E-7CD289B23E08,150600742,1.0000,5
1700,715372B3-0ED9-48D8-A10E-C6BEDAB72B70,161001417,1.0000,5
1709,71D97E36-CA0B-4C95-8195-65D1291D5793,140803561,1.0000,4
1712,720071A8-1965-4AC2-91F3-6EE6819C9BE2,170201831,1.0000,5
1713,72364FBB-980B-4E16-8BEC-56A49B2F30FB,170201542,1.0000,5
1714,72364FBB-980B-4E16-8BEC-56A49B2F30FB,170201543,1.0000,5
1720,730A9392-C8B4-4A9C-9FBC-D5EF14C869AF,170201831,1.0000,5
1724,73256A05-AA88-429E-B805-16625D90336E,170201694,1.0000,4
1728,73333737-FC55-479B-85B6-FC59D22590BB,170201542,1.0000,5
1729,73333737-FC55-479B-85B6-FC59D22590BB,170201543,1.0000,5
1731,73333737-FC55-479B-85B6-FC59D22590BB,170201599,1.0000,5
1732,734E363F-E61F-459F-9A8D-8A307DFAC43D,170201543,1.0000,5
1733,73BACF17-3AD1-407E-82C9-707EB7C1C7C9,170108973,1.0000,5
1735,73D80614-85F5-4A81-AAC2-281A3FF1AE7D,170201831,1.0000,5
1736,73DFC6DD-23D4-49D3-A22C-E638B3F07381,140114156,1.0000,1
1738,740C95CE-18C2-4ACA-BB38-614005AD839C,161102761,1.0000,5
1740,742FA9C7-6588-459D-BEF3-D197C5EB0745,170201593,1.0000,5
1741,7441B5B7-C438-4C08-9E36-0E77B754B9F6,170200631,1.0000,5
1744,74849D02-4A56-4D20-9DED-72C8326E3B40,170200143,1.0000,5
1749,74D1C04E-E5CD-45EC-AB3A-E95F4A152C24,160110295,1.0000,5
1751,74D1C04E-E5CD-45EC-AB3A-E95F4A152C24,170201542,1.0000,5
1752,74D1C04E-E5CD-45EC-AB3A-E95F4A152C24,170201543,1.0000,5
1753,74D1C04E-E5CD-45EC-AB3A-E95F4A152C24,170201544,1.0000,5
1754,74D1C04E-E5CD-45EC-AB3A-E95F4A152C24,170201831,1.0000,5
1755,74F1EAF7-3D2B-4E99-B115-B2608FF67C70,140707478,1.0000,4
1756,751E7642-3F84-4F79-AB75-F7978B031045,170108494,1.0000,5
1758,751FE95E-D6DB-4307-89B3-E862A1AF82A2,170200448,1.0000,5
1759,7549637E-5C8C-4A04-9D21-FF3599596CB8,130200571,1.0000,5
1761,7549637E-5C8C-4A04-9D21-FF3599596CB8,150100179,1.0000,5
1763,75499701-6A16-4CFC-9EE9-4123990D2EB2,160401968,1.0000,5
1764,75499701-6A16-4CFC-9EE9-4123990D2EB2,160401969,1.0000,5
1765,75499701-6A16-4CFC-9EE9-4123990D2EB2,160401970,1.0000,5
1775,765C2FFB-BE6E-4272-B005-6E7693F43DFE,120700309,1.0000,4
1776,76A868BB-4D6F-4B5A-A749-99B8DB4ABB08,120600148,1.0000,4
1777,76A868BB-4D6F-4B5A-A749-99B8DB4ABB08,170201831,1.0000,5
1778,76A9A1F4-5A35-46D9-BAFA-33F561E76074,131002659,1.0000,5
1779,76A9A1F4-5A35-46D9-BAFA-33F561E76074,131002660,1.0000,4
